2020-08-02 13:29:33,b'RT @BlakePavey: Response to this video has been absolutely insane! Cannot thank everyone enough! 4.5 Million views on TikTok! #COVID19 #cov\xe2\x80\xa6'
2020-08-02 13:29:27,b'RT @rameshlaus: #BREAKING: TN Governor #BanwariLalPurhoit is tested #Corona positive.. \n\nWishing him a speedy recovery https://t.co/HUSex9F\xe2\x80\xa6'
2020-08-02 13:29:00,b'@MarkGre31207847 IT cell will make #Corona pay'
2020-08-02 13:28:53,b'RT @BlakePavey: Response to this video has been absolutely insane! Cannot thank everyone enough! 4.5 Million views on TikTok! #COVID19 #cov\xe2\x80\xa6'
2020-08-02 13:28:32,"b""RT @H24News_: Police broke up a demonstration organised to 'defend neighbourhood culture' in Berlin's Neukolln district Saturday, as multip\xe2\x80\xa6"""
2020-08-02 13:28:13,b'IT cell go for #Corona https://t.co/cBuwmoUi0Y'
2020-08-02 13:28:13,"b""RT @H24News_: Police broke up a demonstration organised to 'defend neighbourhood culture' in Berlin's Neukolln district Saturday, as multip\xe2\x80\xa6"""
2020-08-02 13:28:01,b'Der Covid-Plan / Rockefeller Lockstep 2010\n#Covid_19  #Corona  #CoronaDemos  #coronavirus \nhttps://t.co/9NxeMrdGf9'
2020-08-02 13:27:53,b'RT @Vijaykarthikeyn: #Tiruppur #Corona #Update  \nToday\xe2\x80\x99s cases 40\nTotal cases  949\nActive cases 339\nDischarges 16\nTotal House quarantine- 2\xe2\x80\xa6'
2020-08-02 13:27:40,"b""Police broke up a demonstration organised to 'defend neighbourhood culture' in Berlin's Neukolln district Saturday,\xe2\x80\xa6 https://t.co/KZTC4weRqU"""
2020-08-02 13:27:37,b'RT @BlakePavey: Response to this video has been absolutely insane! Cannot thank everyone enough! 4.5 Million views on TikTok! #COVID19 #cov\xe2\x80\xa6'
2020-08-02 13:27:13,b'RT @BlakePavey: Response to this video has been absolutely insane! Cannot thank everyone enough! 4.5 Million views on TikTok! #COVID19 #cov\xe2\x80\xa6'
2020-08-02 13:27:09,"b'RT @VNarayanasami: This morning (02-08-2020), inspection held at many places in #Puducherry to ensure the activities of public amidst #coro\xe2\x80\xa6'"
2020-08-02 13:27:08,b'RT @BlakePavey: Response to this video has been absolutely insane! Cannot thank everyone enough! 4.5 Million views on TikTok! #COVID19 #cov\xe2\x80\xa6'
2020-08-02 13:26:56,"b""@AmitShah Very Happy that this bastard got #Corona \nIf he's gone, onky then #India will Prosper. \n#FraudBJP"""
2020-08-02 13:26:50,"b""RT @sanghaviharsh: It's not easy, trust me.\n\nHats off to all the #corona warriors. https://t.co/x5cz29jQuF"""
2020-08-02 13:26:28,"b'RT @Telugu360: ..2/2 \n\nJagan Administration in AP - 2 \n\n\xf0\x9f\x91\x89 Capital: \nSowed disputes between regions &amp; ruined 29,000 Amaravati farmer familie\xe2\x80\xa6'"
2020-08-02 13:26:26,b'RT @hallagullaboy: UP will be the most effected state by #Corona very soon\n\nSituation is grim and the Govt\xe2\x80\x99s total focus is #RamMandir not\xe2\x80\xa6'
2020-08-02 13:26:09,"b""RT @sanghaviharsh: It's not easy, trust me.\n\nHats off to all the #corona warriors. https://t.co/x5cz29jQuF"""
2020-08-02 13:25:57,"b""RT @sanghaviharsh: It's not easy, trust me.\n\nHats off to all the #corona warriors. https://t.co/x5cz29jQuF"""
2020-08-02 13:25:49,"b'RT @Saravan52786562: TN\n\nNew Cases - 5,875\n#coronavirus\n#TNCoronaUpdates #CoronavirusIndia #28YrsOfSELFMADETHALAAjith\n#Valimai #COVID19 #Co\xe2\x80\xa6'"
2020-08-02 13:25:48,"b""RT @DostKhan_Jammu: HM @AmitShah tested #Corona positive, but very fine.\nOn Doctors' advice, he is hospitalised. \nWe wish him a speedy reco\xe2\x80\xa6"""
2020-08-02 13:25:45,"b'RT @KashmirPolice: Our #hero Ct Iqbal Ahmad (AB+) of District Police Baramulla, a #Corona #survivor, donated #plasma. All survivors should\xe2\x80\xa6'"
2020-08-02 13:25:27,"b""RT @sanghaviharsh: It's not easy, trust me.\n\nHats off to all the #corona warriors. https://t.co/x5cz29jQuF"""
2020-08-02 13:24:40,b'RT @BlakePavey: Response to this video has been absolutely insane! Cannot thank everyone enough! 4.5 Million views on TikTok! #COVID19 #cov\xe2\x80\xa6'
2020-08-02 13:24:36,b'RT @dsureshkumar: Here is the Tamil Nadu #COVID19 Update for today (August 2). \n\n#Corona https://t.co/yibOw30XDD'
2020-08-02 13:24:29,b'RT @BlakePavey: Response to this video has been absolutely insane! Cannot thank everyone enough! 4.5 Million views on TikTok! #COVID19 #cov\xe2\x80\xa6'
2020-08-02 13:24:17,"b""RT @sanghaviharsh: It's not easy, trust me.\n\nHats off to all the #corona warriors. https://t.co/x5cz29jQuF"""
2020-08-02 13:24:16,b'Even our home minister is not safe ftom #corona so stay at home please wear mask #AmitShah'
2020-08-02 13:24:13,"b'RT @FarukFirat1987: #BREAKING: Huge protest now in #Berlin, #Germany. They demonstrante against #Corona and against the government and they\xe2\x80\xa6'"
2020-08-02 13:24:12,b'RT @MANJULtoons: #Corona #CoronaVirusUpdates\nMy #cartoon for @firstpost\nFirstCut: https://t.co/d7EQajd4JI\nMore Cartoons: https://t.co/LQ00V\xe2\x80\xa6'
2020-08-02 13:24:09,b'RT @LoveDogri: @SrBachchan @AmitShah Relax its Just A Meme\n\n#corona @TaniyaManhas12 @DrRadhikaSharm1 @DograWanderer @Being_Dogra @dograjing\xe2\x80\xa6'
2020-08-02 13:24:01,"b""RT @Saravan52786562: #BREAKING : Union Home Minister @AmitShah Ji is tested positive for #Covid19.. He is in a hospital as per doctors' adv\xe2\x80\xa6"""
2020-08-02 13:24:00,"b'RT @FarukFirat1987: #BREAKING: Huge protest now in #Berlin, #Germany. They demonstrante against #Corona and against the government and they\xe2\x80\xa6'"
2020-08-02 13:23:52,b'RT @MANJULtoons: #Corona #CoronaVirusUpdates\nMy #cartoon for @firstpost\nFirstCut: https://t.co/d7EQajd4JI\nMore Cartoons: https://t.co/LQ00V\xe2\x80\xa6'
2020-08-02 13:23:34,b'RT @NehaBajajINC: #AmitShah tested #corona #positive.\nLe me waiting for their #royal entry on #5_August at #Ayodhya https://t.co/R9i09wgsiC'
2020-08-02 13:23:33,b'Homemade COVID-19 facemask. #covid19 #corona #facemask #fujifilm #fujifilm_xseries #fuji #blackandwhitephotography\xe2\x80\xa6 https://t.co/V90MbzwnEl'
2020-08-02 13:23:26,b'RT @BlakePavey: Response to this video has been absolutely insane! Cannot thank everyone enough! 4.5 Million views on TikTok! #COVID19 #cov\xe2\x80\xa6'
2020-08-02 13:23:21,b'RT @BlakePavey: Response to this video has been absolutely insane! Cannot thank everyone enough! 4.5 Million views on TikTok! #COVID19 #cov\xe2\x80\xa6'
2020-08-02 13:22:45,"b""#BREAKING : Union Home Minister @AmitShah Ji is tested positive for #Covid19.. He is in a hospital as per doctors'\xe2\x80\xa6 https://t.co/Kqc5i3Mku2"""
2020-08-02 13:22:45,"b""RT @sanghaviharsh: It's not easy, trust me.\n\nHats off to all the #corona warriors. https://t.co/x5cz29jQuF"""
2020-08-02 13:22:43,b'@SrBachchan @AmitShah Relax its Just A Meme\n\n#corona @TaniyaManhas12 @DrRadhikaSharm1 @DograWanderer @Being_Dogra\xe2\x80\xa6 https://t.co/M3TjMiElzN'
2020-08-02 13:22:36,b'Just me and my random thoughts.\nhttps://t.co/qrS992ug4H \n#apocalypse #covid #zombie #coronavirus #zombies #art\xe2\x80\xa6 https://t.co/r3iKQOqy7o'
2020-08-02 13:22:35,"b'Gespot in #LaPlata, #Argentini\xc3\xab #COVID19NL #Covid19 #Corona #CoronaVirusArgentina #CoronaVirusNederland #HoudAfstand https://t.co/SQusLv5NS2'"
2020-08-02 13:22:30,"b'RT @devashak: How can you do this, when #Corona cases are raising?\nYour track &amp; screen method has failed miserably?\nExcept a few government\xe2\x80\xa6'"
2020-08-02 13:22:19,b'@AnilDeshmukhNCP @MumbaiPolice @itsSSR If @NitishKumar does not know the law he shd ask  @CMOMaharashtra to help.\xe2\x80\xa6 https://t.co/ft5ZpsJHG3'
2020-08-02 13:22:17,"b'RT @Saravan52786562: TN - Aug 2nd\n\nActive Cases - 56,998 \n\nConfirmed Cases - 5,875 / 257K \n\nTests - 60,344 / 2.77 Million \n\nRecoveries - 5,\xe2\x80\xa6'"
2020-08-02 13:22:08,b'RT @EhsanKhanIYC: @AmitShah #Corona Positive. https://t.co/NpiOul7wSH'
2020-08-02 13:22:05,b'RT @Vijaykarthikeyn: #Tiruppur #Corona #Update  \nToday\xe2\x80\x99s cases 40\nTotal cases  949\nActive cases 339\nDischarges 16\nTotal House quarantine- 2\xe2\x80\xa6'
2020-08-02 13:21:54,"b""RT @sanghaviharsh: It's not easy, trust me.\n\nHats off to all the #corona warriors. https://t.co/x5cz29jQuF"""
2020-08-02 13:21:41,"b""I request you all don't be like #AmitShah . Wear a mask properly otherwise you can end up tested #Corona positive \xf0\x9f\x99\x8f\xf0\x9f\x99\x8f https://t.co/f9u24I3u42"""
2020-08-02 13:21:38,"b'RT @FarukFirat1987: #BREAKING: Huge protest now in #Berlin, #Germany. They demonstrante against #Corona and against the government and they\xe2\x80\xa6'"
2020-08-02 13:21:29,b'RT @pankajbhatt54: @AmitShah Wishing you speedy Recovery from #Corona from victims of #NSEL scam. You are the #chanakya of contemporary Ind\xe2\x80\xa6'
2020-08-02 13:21:28,b'Do and Die...\n#corona'
2020-08-02 13:21:25,b'RT @Vijaykarthikeyn: #Tiruppur #Corona #Update  \nToday\xe2\x80\x99s cases 40\nTotal cases  949\nActive cases 339\nDischarges 16\nTotal House quarantine- 2\xe2\x80\xa6'
2020-08-02 13:21:03,b'I pray Lord Jagannath &amp; Lord Balaji for their Blessings on Shri @AmitShah ji for his speedy recovery from #corona.\xe2\x80\xa6 https://t.co/9kjNbjM41R'
2020-08-02 13:20:45,"b'RT @Saravan52786562: TN - Aug 2nd\n\nActive Cases - 56,998 \n\nConfirmed Cases - 5,875 / 257K \n\nTests - 60,344 / 2.77 Million \n\nRecoveries - 5,\xe2\x80\xa6'"
2020-08-02 13:20:32,"b'How can you do this, when #Corona cases are raising?\nYour track &amp; screen method has failed miserably?\nExcept a few\xe2\x80\xa6 https://t.co/9xdAjrTHji'"
2020-08-02 13:20:28,b'RT @shefali_bagga: #amishah tested positive for #corona'
2020-08-02 13:20:00,"b'TN - Aug 2nd\n\nActive Cases - 56,998 \n\nConfirmed Cases - 5,875 / 257K \n\nTests - 60,344 / 2.77 Million \n\nRecoveries -\xe2\x80\xa6 https://t.co/TgzE8DWIZ8'"
2020-08-02 13:19:59,b'Just curious - any answers to why Medanta is the place to go for #corona for politicians? The list is growing long\xe2\x80\xa6 https://t.co/qXHISTTk1Q'
2020-08-02 13:19:55,b'RT @ATLASti: Learn how you can continue to do research with your team during social distancing with #ATLAStiCloud. Article written by Dr. N\xe2\x80\xa6'
2020-08-02 13:19:46,b'#corona attack on three biggies @swatantrabjp @AmitShah #BanwarilalPurohit #Latest #RamMandir'
2020-08-02 13:19:43,b'RT @Vijaykarthikeyn: #Tiruppur #Corona #Update  \nToday\xe2\x80\x99s cases 40\nTotal cases  949\nActive cases 339\nDischarges 16\nTotal House quarantine- 2\xe2\x80\xa6'
2020-08-02 13:19:31,b'RT @Vijaykarthikeyn: #Tiruppur #Corona #Update  \nToday\xe2\x80\x99s cases 40\nTotal cases  949\nActive cases 339\nDischarges 16\nTotal House quarantine- 2\xe2\x80\xa6'
2020-08-02 13:19:28,b'RT @Vijaykarthikeyn: #Tiruppur #Corona #Update  \nToday\xe2\x80\x99s cases 40\nTotal cases  949\nActive cases 339\nDischarges 16\nTotal House quarantine- 2\xe2\x80\xa6'
2020-08-02 13:19:15,b'@AmitShah is #Corona Positive'
2020-08-02 13:19:11,"b'RT @Saravan52786562: #Kerala\n\nNew cases - 1,169\n#CoronavirusIndia\n#coronavirus\n#Corona\n#28YrsOfSELFMADETHALAAjith #Valimai #COVID19 #Corona\xe2\x80\xa6'"
2020-08-02 13:19:09,"b'RT @Saravan52786562: #Kerala\n\nNew cases - 1,169\n#CoronavirusIndia\n#coronavirus\n#Corona\n#28YrsOfSELFMADETHALAAjith #Valimai #COVID19 #Corona\xe2\x80\xa6'"
2020-08-02 13:19:05,"b'RT @TreasureHunt_TH: Two photos here.\n~ 1st photo, Not many believed when we discussed about it years back and also when we put it in the s\xe2\x80\xa6'"
2020-08-02 13:18:54,"b'#Kerala\n\nNew cases - 1,169\n#CoronavirusIndia\n#coronavirus\n#Corona\n#28YrsOfSELFMADETHALAAjith #Valimai #COVID19 #CoronaVirusUpdates'"
2020-08-02 13:18:49,b'RT @TPRDtCollector: #Tiruppur #Corona #Update  \nToday\xe2\x80\x99s cases 40\nTotal cases  949\nActive cases 339\nDischarges 16\nTotal House quarantine- 27\xe2\x80\xa6'
2020-08-02 13:18:42,b'RT @governorap: Andhra Pradesh Governor Shri Biswabhusan Harichandan pray Lord Jagannath &amp; Lord Balaji for their Blessings on Shri @AmitSha\xe2\x80\xa6'
2020-08-02 13:18:41,b'RT @komalgauthamTOI: The focus volunteers in many wards are doing an excellent job. #covidwarriors @madhavaram #corona #chennai \xe2\x81\xa6@chennaico\xe2\x80\xa6'
2020-08-02 13:18:12,b'RT @Vijaykarthikeyn: #Tiruppur #Corona #Update  \nToday\xe2\x80\x99s cases 40\nTotal cases  949\nActive cases 339\nDischarges 16\nTotal House quarantine- 2\xe2\x80\xa6'
2020-08-02 13:18:11,b'RT @Vijaykarthikeyn: #Tiruppur #Corona #Update  \nToday\xe2\x80\x99s cases 40\nTotal cases  949\nActive cases 339\nDischarges 16\nTotal House quarantine- 2\xe2\x80\xa6'
2020-08-02 13:18:11,"b'RT @BharatAatmaj: @AmitShah You have fought and won many bigger enemies, #corona is nothing for you. Our prayers and good wishes are with y\xe2\x80\xa6'"
2020-08-02 13:17:59,b'RT @Vijaykarthikeyn: #Tiruppur #Corona #Update  \nToday\xe2\x80\x99s cases 40\nTotal cases  949\nActive cases 339\nDischarges 16\nTotal House quarantine- 2\xe2\x80\xa6'
2020-08-02 13:17:41,b'RT @UKCovid19Stats: Wales Daily Coronavirus (COVID-19) Report. #coronavirus #Wales #Corona #covid19 #Covid19UK https://t.co/tlBfyKy9BL'
2020-08-02 13:17:34,b'RT @Vijaykarthikeyn: #Tiruppur #Corona #Update  \nToday\xe2\x80\x99s cases 40\nTotal cases  949\nActive cases 339\nDischarges 16\nTotal House quarantine- 2\xe2\x80\xa6'
2020-08-02 13:17:29,b'RT @Vijaykarthikeyn: #Tiruppur #Corona #Update  \nToday\xe2\x80\x99s cases 40\nTotal cases  949\nActive cases 339\nDischarges 16\nTotal House quarantine- 2\xe2\x80\xa6'
2020-08-02 13:17:24,"b'RT @Saravan52786562: TN\n\nNew Cases - 5,875\n#coronavirus\n#TNCoronaUpdates #CoronavirusIndia #28YrsOfSELFMADETHALAAjith\n#Valimai #COVID19 #Co\xe2\x80\xa6'"
2020-08-02 13:17:23,b'RT @Vijaykarthikeyn: #Tiruppur #Corona #Update  \nToday\xe2\x80\x99s cases 40\nTotal cases  949\nActive cases 339\nDischarges 16\nTotal House quarantine- 2\xe2\x80\xa6'
2020-08-02 13:17:21,b'RT @Vijaykarthikeyn: #Tiruppur #Corona #Update  \nToday\xe2\x80\x99s cases 40\nTotal cases  949\nActive cases 339\nDischarges 16\nTotal House quarantine- 2\xe2\x80\xa6'
2020-08-02 13:17:19,"b'RT @TeamWCL: CMD Rajiv R. Mishra this time in virtual series of ""Interactive Sessions"" with Team WCL amid #Corona, shared an elaborate pres\xe2\x80\xa6'"
2020-08-02 13:17:12,b'RT @Vijaykarthikeyn: #Tiruppur #Corona #Update  \nToday\xe2\x80\x99s cases 40\nTotal cases  949\nActive cases 339\nDischarges 16\nTotal House quarantine- 2\xe2\x80\xa6'
2020-08-02 13:17:12,b'RT @AquarianTruths: Can #Corona be our Last Hope ???'
2020-08-02 13:17:09,b'As i hear the Union Home Minister of India tested positive for #Corona get well soon Sir praying \xf0\x9f\x99\x8f for your speedy recovery'
2020-08-02 13:17:08,b'#Tiruppur #Corona #Update  \nToday\xe2\x80\x99s cases 40\nTotal cases  949\nActive cases 339\nDischarges 16\nTotal House quarantine\xe2\x80\xa6 https://t.co/d6ihl9J40b'
2020-08-02 13:16:53,"b'TN\n\nNew Cases - 5,875\n#coronavirus\n#TNCoronaUpdates #CoronavirusIndia #28YrsOfSELFMADETHALAAjith\n#Valimai #COVID19 #Corona'"
2020-08-02 13:16:48,"b""RT @sanghaviharsh: It's not easy, trust me.\n\nHats off to all the #corona warriors. https://t.co/x5cz29jQuF"""
2020-08-02 13:16:34,b'RT @governorap: Andhra Pradesh Governor Shri Biswabhusan Harichandan pray Lord Jagannath &amp; Lord Balaji for their Blessings on Shri @AmitSha\xe2\x80\xa6'
2020-08-02 13:16:30,"b""RT @DostKhan_Jammu: HM @AmitShah tested #Corona positive, but very fine.\nOn Doctors' advice, he is hospitalised. \nWe wish him a speedy reco\xe2\x80\xa6"""
2020-08-02 13:16:28,b'#Tiruppur #Corona #Update  \nToday\xe2\x80\x99s cases 40\nTotal cases  949\nActive cases 339\nDischarges 16\nTotal House quarantine\xe2\x80\xa6 https://t.co/pw382rhSOl'
2020-08-02 13:16:28,"b""RT @sanghaviharsh: It's not easy, trust me.\n\nHats off to all the #corona warriors. https://t.co/x5cz29jQuF"""
2020-08-02 13:16:20,"b'RT @FarukFirat1987: #BREAKING: Huge protest now in #Berlin, #Germany. They demonstrante against #Corona and against the government and they\xe2\x80\xa6'"
2020-08-02 13:16:11,b'RT @BlakePavey: Response to this video has been absolutely insane! Cannot thank everyone enough! 4.5 Million views on TikTok! #COVID19 #cov\xe2\x80\xa6'
2020-08-02 13:16:01,b'RT @governorap: Andhra Pradesh Governor Shri Biswabhusan Harichandan pray Lord Jagannath &amp; Lord Balaji for their Blessings on Shri @AmitSha\xe2\x80\xa6'
2020-08-02 13:15:56,b'RT @governorap: Andhra Pradesh Governor Shri Biswabhusan Harichandan pray Lord Jagannath &amp; Lord Balaji for their Blessings on Shri @AmitSha\xe2\x80\xa6'
2020-08-02 13:15:53,b'RT @AquarianTruths: Can #Corona be our Last Hope ???'
2020-08-02 13:15:52,"b'RT @FarukFirat1987: #BREAKING: Huge protest now in #Berlin, #Germany. They demonstrante against #Corona and against the government and they\xe2\x80\xa6'"
2020-08-02 13:15:48,b'RT @EhsanKhanIYC: @AmitShah #Corona Positive. https://t.co/NpiOul7wSH'
2020-08-02 13:15:37,b'RT @UKCovid19Stats: Scotland Daily Coronavirus (COVID-19) Report. #coronavirus #Scotland #Corona #covid19 #Covid19UK https://t.co/7jLkVySNZa'
2020-08-02 13:15:32,b'Andhra Pradesh Governor Shri Biswabhusan Harichandan pray Lord Jagannath &amp; Lord Balaji for their Blessings on Shri\xe2\x80\xa6 https://t.co/z9wZhmKxoQ'
2020-08-02 13:15:19,b'#AmitShah #corona positive\nBjp up head swatantrata dev singh and tamilnadu rajyapal vinay purohit is now #Covid_19 \n#'
2020-08-02 13:15:11,"b'@AmitShah You have fought and won many bigger enemies, #corona is nothing for you. Our prayers and good wishes are\xe2\x80\xa6 https://t.co/0MYT1MzPXq'"
2020-08-02 13:14:36,b'RT @DarshanNPopat: No #Corona can keep you down with all the prayers We offer for your recovery @AmitShah \xe0\xaa\xae\xe0\xab\x8b\xe0\xaa\x9f\xe0\xaa\xbe \xe0\xaa\xad\xe0\xaa\xbe\xe0\xaa\x88\nRise up and be strong!'
2020-08-02 13:14:33,b'RT @A_M_Inspiration: DER PERFIDE PLAN DES WORLD ECONOMIC FORUM https://t.co/EDWArPysUG #Corona #Digitalisierung mit #5G #Radioaktivit\xc3\xa4t #De\xe2\x80\xa6'
2020-08-02 13:14:27,b'Wish u a Speedy recovery Mota bhai @AmitShah \n#Corona #AmitShah https://t.co/VD7JVxc2kP'
2020-08-02 13:14:25,b'RT @BlakePavey: Response to this video has been absolutely insane! Cannot thank everyone enough! 4.5 Million views on TikTok! #COVID19 #cov\xe2\x80\xa6'
2020-08-02 13:14:20,"b'RT @Telugu360: ..2/2 \n\nJagan Administration in AP - 2 \n\n\xf0\x9f\x91\x89 Capital: \nSowed disputes between regions &amp; ruined 29,000 Amaravati farmer familie\xe2\x80\xa6'"
2020-08-02 13:14:18,"b""RT @DostKhan_Jammu: HM @AmitShah tested #Corona positive, but very fine.\nOn Doctors' advice, he is hospitalised. \nWe wish him a speedy reco\xe2\x80\xa6"""
2020-08-02 13:14:03,"b""RT @DostKhan_Jammu: HM @AmitShah tested #Corona positive, but very fine.\nOn Doctors' advice, he is hospitalised. \nWe wish him a speedy reco\xe2\x80\xa6"""
2020-08-02 13:13:54,b'#District Wise Breakup of Positive Cases as on August 2\n#Coronavirus #Corona #COVID19\n\nhttps://t.co/rI8vNXGVgC'
2020-08-02 13:13:54,"b'RT @DrAMSinghvi: Best wishes to #HomeMinister #AmitShah for a quick recovery &amp;restful convalescence. As a #corona recoveree myself, he may\xe2\x80\xa6'"
2020-08-02 13:13:34,b'Amit shah tested #corona positve \xf0\x9f\x98\xa5\n*Modi ji be like*\nMera kya hoga bc \xf0\x9f\x98\xad https://t.co/FdtrwoSeXD'
2020-08-02 13:13:26,b'RT @Aneela_7: * First Amitabh Bachchan &amp; his family\n\n* Then Shivraj Chauhan\n\n* Now Amit Shah\n\nAll admitted for #Corona \xf0\x9f\x99\x84\xf0\x9f\xa4\xb7\xf0\x9f\x8f\xbb\xe2\x80\x8d\xe2\x99\x80\xef\xb8\x8f\n\nNow get read\xe2\x80\xa6'
2020-08-02 13:13:26,b'RT @anilduhoon: 5 Aug must not shift focus away from #Ladakh and #Corona. \nGovt has a lot to explain on these two fronts. \nWe will not get\xe2\x80\xa6'
2020-08-02 13:13:22,"b""RT @DostKhan_Jammu: HM @AmitShah tested #Corona positive, but very fine.\nOn Doctors' advice, he is hospitalised. \nWe wish him a speedy reco\xe2\x80\xa6"""
2020-08-02 13:13:02,b'Its shocking our beloved leader @AmitShah is #Corona we wish u a speedy recovery.. https://t.co/XnTzBxWpmg'
2020-08-02 13:12:54,"b'RT @TravelFoodGuy: Comfort? Breathability? HEPA? Filters? For the best reusable face #masks, look to the best expert outdoor gear companies\xe2\x80\xa6'"
2020-08-02 13:12:49,"b""RT @sanghaviharsh: It's not easy, trust me.\n\nHats off to all the #corona warriors. https://t.co/x5cz29jQuF"""
2020-08-02 13:12:12,b'RT @komalgauthamTOI: The focus volunteers in many wards are doing an excellent job. #covidwarriors @madhavaram #corona #chennai \xe2\x81\xa6@chennaico\xe2\x80\xa6'
2020-08-02 13:11:56,"b'RT @CYounosi: @SAP , @deutschetelekom to Build Corona App Gateway for European Commission https://t.co/mTSiy4ZYY3\n\n#corona #coronawarnapp #\xe2\x80\xa6'"
2020-08-02 13:11:49,b'RT @rameshlaus: #BREAKING: TN Governor #BanwariLalPurhoit is tested #Corona positive.. \n\nWishing him a speedy recovery https://t.co/HUSex9F\xe2\x80\xa6'
2020-08-02 13:11:42,b'What if we stick a UV/UVC light inside the opening of a trick or treat bag? Maybe like an led strip that can bend i\xe2\x80\xa6 https://t.co/3Yn4RdaYcL'
2020-08-02 13:11:40,b'#Corona #coronavirus #coronavirusuk #Covid_19 #Covid19UK #Covid #COVID__19 #Covid19 \n\nGreater London coronavirus ou\xe2\x80\xa6 https://t.co/N0UQsYby6U'
2020-08-02 13:11:31,b'RT @UKCovid19Stats: Wales Daily Coronavirus (COVID-19) Report. #coronavirus #Wales #Corona #covid19 #Covid19UK https://t.co/tlBfyKy9BL'
2020-08-02 13:11:25,b'RT @BlakePavey: Response to this video has been absolutely insane! Cannot thank everyone enough! 4.5 Million views on TikTok! #COVID19 #cov\xe2\x80\xa6'
2020-08-02 13:11:00,b'RT @pankajbhatt54: @AmitShah Wishing you speedy Recovery from #Corona from victims of #NSEL scam. You are the #chanakya of contemporary Ind\xe2\x80\xa6'
2020-08-02 13:11:00,b'RT @pankajbhatt54: @AmitShah Wishing you speedy Recovery from #Corona from victims of #NSEL scam. You are the #chanakya of contemporary Ind\xe2\x80\xa6'
2020-08-02 13:10:50,"b""RT @sanghaviharsh: It's not easy, trust me.\n\nHats off to all the #corona warriors. https://t.co/x5cz29jQuF"""
2020-08-02 13:10:48,b'RT @PowerOfWords4U: Common sense is genius dressed in its working clothes. #RalphWaldoEmerson #Corona #coronavirus #DonaldJTrump #mask #Ame\xe2\x80\xa6'
2020-08-02 13:10:36,b'RT @jeasbe: #Delhi #CovidRecovered\nNeed #Blood Type : O+\nAt : LNJP\nBlood Component : #Plasma\nPrimary Number :9899964708\nIllness :#Corona\n@B\xe2\x80\xa6'
2020-08-02 13:10:36,"b""RT @sanghaviharsh: It's not easy, trust me.\n\nHats off to all the #corona warriors. https://t.co/x5cz29jQuF"""
2020-08-02 13:10:18,b'RT @BlakePavey: Response to this video has been absolutely insane! Cannot thank everyone enough! 4.5 Million views on TikTok! #COVID19 #cov\xe2\x80\xa6'
2020-08-02 13:10:07,"b""RT @sanghaviharsh: It's not easy, trust me.\n\nHats off to all the #corona warriors. https://t.co/x5cz29jQuF"""
2020-08-02 13:09:51,"b""RT @sanghaviharsh: It's not easy, trust me.\n\nHats off to all the #corona warriors. https://t.co/x5cz29jQuF"""
2020-08-02 13:09:24,"b""RT @sanghaviharsh: It's not easy, trust me.\n\nHats off to all the #corona warriors. https://t.co/x5cz29jQuF"""
2020-08-02 13:09:20,"b""RT @DostKhan_Jammu: HM @AmitShah tested #Corona positive, but very fine.\nOn Doctors' advice, he is hospitalised. \nWe wish him a speedy reco\xe2\x80\xa6"""
2020-08-02 13:09:10,"b'RT @DrAMSinghvi: Best wishes to #HomeMinister #AmitShah for a quick recovery &amp;restful convalescence. As a #corona recoveree myself, he may\xe2\x80\xa6'"
2020-08-02 13:08:55,"b'RT @Telugu360: ..2/2 \n\nJagan Administration in AP - 2 \n\n\xf0\x9f\x91\x89 Capital: \nSowed disputes between regions &amp; ruined 29,000 Amaravati farmer familie\xe2\x80\xa6'"
2020-08-02 13:08:53,"b'RT @CYounosi: @SAP , @deutschetelekom to Build Corona App Gateway for European Commission https://t.co/mTSiy4ZYY3\n\n#corona #coronawarnapp #\xe2\x80\xa6'"
2020-08-02 13:08:42,"b'RT @FarukFirat1987: #BREAKING: Huge protest now in #Berlin, #Germany. They demonstrante against #Corona and against the government and they\xe2\x80\xa6'"
2020-08-02 13:08:28,"b'RT @FarukFirat1987: #BREAKING: Huge protest now in #Berlin, #Germany. They demonstrante against #Corona and against the government and they\xe2\x80\xa6'"
2020-08-02 13:08:19,"b""RT @sanghaviharsh: It's not easy, trust me.\n\nHats off to all the #corona warriors. https://t.co/x5cz29jQuF"""
2020-08-02 13:08:07,"b""Don't mind #Corona will come and go Get well soon #AmitShah ji."""
2020-08-02 13:08:07,"b""RT @sanghaviharsh: It's not easy, trust me.\n\nHats off to all the #corona warriors. https://t.co/x5cz29jQuF"""
2020-08-02 13:07:52,"b""RT @sanghaviharsh: It's not easy, trust me.\n\nHats off to all the #corona warriors. https://t.co/x5cz29jQuF"""
2020-08-02 13:07:10,"b'RT @the852spirit: 0721: Good morning \xf0\x9f\x8c\x9e HK! August came in a blink of an \xf0\x9f\x91\x81. Don\xe2\x80\x99t forget your gear- masks, hand sanitizers and gloves if you\xe2\x80\xa6'"
2020-08-02 13:06:58,b'RT @UKCovid19Stats: United Kingdom Daily Coronavirus (COVID-19) Report. #coronavirus #UK #Corona #covid19 #Covid19UK https://t.co/B50miX569i'
2020-08-02 13:06:38,"b'RT @DrAMSinghvi: Best wishes to #HomeMinister #AmitShah for a quick recovery &amp;restful convalescence. As a #corona recoveree myself, he may\xe2\x80\xa6'"
2020-08-02 13:06:20,"b'RT @Bloodpointorg: #Warangal #SOS  #COVID19India \nNeed B+ve #Blood #plasma from #covidrecovery  patient\nIllness #Corona\nAt Aditya Hospital,\xe2\x80\xa6'"
2020-08-02 13:06:07,b'RT @AlbertMetzler: DER PERFIDE PLAN DES WORLD ECONOMIC FORUM https://t.co/PqnNPG7uRG #Corona #5G #Radioaktivit\xc3\xa4t'
2020-08-02 13:06:02,"b""RT @sanghaviharsh: It's not easy, trust me.\n\nHats off to all the #corona warriors. https://t.co/x5cz29jQuF"""
2020-08-02 13:05:55,"b'If you can survive being an @Arsenal fan, then you can survive #Covid_19 #Corona \xf0\x9f\x93\xa3\xf0\x9f\x8f\x86\xf0\x9f\x8f\x86\xf0\x9f\x8f\x86\xf0\x9f\x91\x8d https://t.co/ZVy1aVT7de'"
2020-08-02 13:05:50,b'RT @UKCovid19Stats: Scotland Daily Coronavirus (COVID-19) Report. #coronavirus #Scotland #Corona #covid19 #Covid19UK https://t.co/7jLkVySNZa'
2020-08-02 13:05:36,"b""RT @sanghaviharsh: It's not easy, trust me.\n\nHats off to all the #corona warriors. https://t.co/x5cz29jQuF"""
2020-08-02 13:04:30,b'Now very high chances of Corona getting killed in a fake encounter. \n#Corona #India #AmitShah \n#fakeencounter'
2020-08-02 13:04:26,b'RT @Saravan52786562: #BREAKING : Good News! @SrBachchan Ji has tested negative for #Coronavirus and he has been discharged and resting at h\xe2\x80\xa6'
2020-08-02 13:04:10,b'Word of the day #COVIDIOTS\nHappy to be in Italy at th moment and not in #Berlin where a lot of poeple are demonstat\xe2\x80\xa6 https://t.co/VdKEzLzkO3'
2020-08-02 13:04:09,b'RT @Bloodpointorg: #Hyderabad #SOS  #COVID19India \nNeed B+ve #Blood #plasma from #covidrecovery  patient\nNumber of Units 2\nIllness #Corona\xe2\x80\xa6'
2020-08-02 13:04:07,b'RT @Bloodpointorg: #Hyderabad #SOS #COVID19India \nNeed O+ ve #blood #plasma from #covidrecovery  patient\nIllness #Corona\nAt Yashoda Hospita\xe2\x80\xa6'
2020-08-02 13:04:01,"b'RT @FarukFirat1987: #BREAKING: Huge protest now in #Berlin, #Germany. They demonstrante against #Corona and against the government and they\xe2\x80\xa6'"
2020-08-02 13:03:57,b'RT @CraigSteele9: #Yeshua \n#Jesus \n#love \n#corona \n#YesWeCanAgain \nPUT YESHUA FIRST.\n\nNOT BABYLON.\n\nCOME OUT OF HER.\n\nTODAY IS NOT THE SABB\xe2\x80\xa6'
2020-08-02 13:03:54,"b'Happy to see that, amitabh sir got negative Corona report.\n\nIndia will surely fight.\n#Corona\xe2\x80\xa6 https://t.co/8rrALmCOLy'"
2020-08-02 13:03:44,b'RT @Saravan52786562: #BREAKING : Good News! @SrBachchan Ji has tested negative for #Coronavirus and he has been discharged and resting at h\xe2\x80\xa6'
2020-08-02 13:03:35,b'RT @MANJULtoons: #Corona #CoronaVirusUpdates\nMy #cartoon for @firstpost\nFirstCut: https://t.co/d7EQajd4JI\nMore Cartoons: https://t.co/LQ00V\xe2\x80\xa6'
2020-08-02 13:03:23,b'RT @Saravan52786562: #BREAKING : Good News! @SrBachchan Ji has tested negative for #Coronavirus and he has been discharged and resting at h\xe2\x80\xa6'
2020-08-02 13:03:11,b'RT @Aneela_7: * First Amitabh Bachchan &amp; his family\n\n* Then Shivraj Chauhan\n\n* Now Amit Shah\n\nAll admitted for #Corona \xf0\x9f\x99\x84\xf0\x9f\xa4\xb7\xf0\x9f\x8f\xbb\xe2\x80\x8d\xe2\x99\x80\xef\xb8\x8f\n\nNow get read\xe2\x80\xa6'
2020-08-02 13:03:10,"b'RT @KashmirPolice: Our #hero Ct Iqbal Ahmad (AB+) of District Police Baramulla, a #Corona #survivor, donated #plasma. All survivors should\xe2\x80\xa6'"
2020-08-02 13:03:03,b'Scotland Daily Coronavirus (COVID-19) Report. #coronavirus #Scotland #Corona #covid19 #Covid19UK https://t.co/7jLkVySNZa'
2020-08-02 13:03:00,b'RT @dsureshkumar: Here is the Tamil Nadu #COVID19 Update for today (August 2). \n\n#Corona https://t.co/yibOw30XDD'
2020-08-02 13:02:56,"b""RT @sanghaviharsh: It's not easy, trust me.\n\nHats off to all the #corona warriors. https://t.co/x5cz29jQuF"""
2020-08-02 13:02:46,b'RT @Aneela_7: * First Amitabh Bachchan &amp; his family\n\n* Then Shivraj Chauhan\n\n* Now Amit Shah\n\nAll admitted for #Corona \xf0\x9f\x99\x84\xf0\x9f\xa4\xb7\xf0\x9f\x8f\xbb\xe2\x80\x8d\xe2\x99\x80\xef\xb8\x8f\n\nNow get read\xe2\x80\xa6'
2020-08-02 13:02:45,b'RT @dsureshkumar: Here is the Tamil Nadu #COVID19 Update for today (August 2). \n\n#Corona https://t.co/yibOw30XDD'
2020-08-02 13:02:33,b'RT @jeasbe: #Delhi #CovidRecovered\nNeed #Blood Type : O+\nAt : LNJP\nBlood Component : #Plasma\nPrimary Number :9899964708\nIllness :#Corona\n@B\xe2\x80\xa6'
2020-08-02 13:02:28,b'RT @Saravan52786562: #BREAKING : Good News! @SrBachchan Ji has tested negative for #Coronavirus and he has been discharged and resting at h\xe2\x80\xa6'
2020-08-02 13:02:25,b'RT @Aneela_7: * First Amitabh Bachchan &amp; his family\n\n* Then Shivraj Chauhan\n\n* Now Amit Shah\n\nAll admitted for #Corona \xf0\x9f\x99\x84\xf0\x9f\xa4\xb7\xf0\x9f\x8f\xbb\xe2\x80\x8d\xe2\x99\x80\xef\xb8\x8f\n\nNow get read\xe2\x80\xa6'
2020-08-02 13:02:22,"b""RT @sanghaviharsh: It's not easy, trust me.\n\nHats off to all the #corona warriors. https://t.co/x5cz29jQuF"""
2020-08-02 13:02:15,"b""RT @sanghaviharsh: It's not easy, trust me.\n\nHats off to all the #corona warriors. https://t.co/x5cz29jQuF"""
2020-08-02 13:02:11,"b'RT @DrAMSinghvi: Best wishes to #HomeMinister #AmitShah for a quick recovery &amp;restful convalescence. As a #corona recoveree myself, he may\xe2\x80\xa6'"
2020-08-02 13:02:00,b'RT @Saravan52786562: #BREAKING : Good News! @SrBachchan Ji has tested negative for #Coronavirus and he has been discharged and resting at h\xe2\x80\xa6'
2020-08-02 13:01:48,"b""RT @sanghaviharsh: It's not easy, trust me.\n\nHats off to all the #corona warriors. https://t.co/x5cz29jQuF"""
2020-08-02 13:01:40,b'#BREAKING : Good News! @SrBachchan Ji has tested negative for #Coronavirus and he has been discharged and resting a\xe2\x80\xa6 https://t.co/WiaO3yYzoE'
2020-08-02 13:01:37,"b'RT @KashmirPolice: Our #hero Ct Iqbal Ahmad (AB+) of District Police Baramulla, a #Corona #survivor, donated #plasma. All survivors should\xe2\x80\xa6'"
2020-08-02 13:01:35,b'RT @BlakePavey: Response to this video has been absolutely insane! Cannot thank everyone enough! 4.5 Million views on TikTok! #COVID19 #cov\xe2\x80\xa6'
2020-08-02 13:01:16,"b'RT @Telugu360: ..2/2 \n\nJagan Administration in AP - 2 \n\n\xf0\x9f\x91\x89 Capital: \nSowed disputes between regions &amp; ruined 29,000 Amaravati farmer familie\xe2\x80\xa6'"
2020-08-02 13:01:13,b'RT @Clyde_Crasto: My Artwork\n#Trump Suggests Postponing of U.S. Elections due to #Corona.\n\n#Trump2020 #Election2020 #USElection2020 #JoeBid\xe2\x80\xa6'
2020-08-02 13:00:59,"b""RT @sanghaviharsh: It's not easy, trust me.\n\nHats off to all the #corona warriors. https://t.co/x5cz29jQuF"""
2020-08-02 13:00:59,b'RT @MANJULtoons: #Corona #CoronaVirusUpdates\nMy #cartoon for @firstpost\nFirstCut: https://t.co/d7EQajd4JI\nMore Cartoons: https://t.co/LQ00V\xe2\x80\xa6'
2020-08-02 13:00:51,"b""RT @sanghaviharsh: It's not easy, trust me.\n\nHats off to all the #corona warriors. https://t.co/x5cz29jQuF"""
2020-08-02 13:00:45,"b'RT @Telugu360: ..2/2 \n\nJagan Administration in AP - 2 \n\n\xf0\x9f\x91\x89 Capital: \nSowed disputes between regions &amp; ruined 29,000 Amaravati farmer familie\xe2\x80\xa6'"
2020-08-02 13:00:20,b'RT @AlbertMetzler: We want to investigate why the federal and state governments have imposed unprecedented restrictions and what consequenc\xe2\x80\xa6'
2020-08-02 13:00:19,b'RT @BlakePavey: Response to this video has been absolutely insane! Cannot thank everyone enough! 4.5 Million views on TikTok! #COVID19 #cov\xe2\x80\xa6'
2020-08-02 13:00:13,"b'RT @galattadotcom: #GoodNews #CoronaTNUpdate 5517 New recoveries #Coronavirus Total recoveries in #TamilNadu becomes 196,483 | \n\n#COVID #CO\xe2\x80\xa6'"
2020-08-02 13:00:12,"b'RT @galattadotcom: #Breaking: Another day of high #COVID numbers in #Kerala! New #COVID19 cases - 1169 | Total Cases - 25,912 | Current Act\xe2\x80\xa6'"
2020-08-02 13:00:11,"b'RT @FarukFirat1987: #BREAKING: Huge protest now in #Berlin, #Germany. They demonstrante against #Corona and against the government and they\xe2\x80\xa6'"
2020-08-02 13:00:10,b'RT @UKCovid19Stats: Wales Daily Coronavirus (COVID-19) Report. #coronavirus #Wales #Corona #covid19 #Covid19UK https://t.co/tlBfyKy9BL'
2020-08-02 13:00:07,"b'RT @FarukFirat1987: #BREAKING: Huge protest now in #Berlin, #Germany. They demonstrante against #Corona and against the government and they\xe2\x80\xa6'"
2020-08-02 13:00:07,"b'#Breaking: Another day of high #COVID numbers in #Kerala! New #COVID19 cases - 1169 | Total Cases - 25,912 | Curren\xe2\x80\xa6 https://t.co/xNBZEutan0'"
2020-08-02 13:00:02,"b'RT @galattadotcom: #GoodNews #CoronaTNUpdate 5517 New recoveries #Coronavirus Total recoveries in #TamilNadu becomes 196,483 | \n\n#COVID #CO\xe2\x80\xa6'"
2020-08-02 13:00:02,b'RT @BlakePavey: Response to this video has been absolutely insane! Cannot thank everyone enough! 4.5 Million views on TikTok! #COVID19 #cov\xe2\x80\xa6'
2020-08-02 12:59:55,b'RT @dsureshkumar: Here is the Tamil Nadu #COVID19 Update for today (August 2). \n\n#Corona https://t.co/yibOw30XDD'
2020-08-02 12:59:45,b'RT @UKCovid19Stats: Wales Daily Coronavirus (COVID-19) Report. #coronavirus #Wales #Corona #covid19 #Covid19UK https://t.co/tlBfyKy9BL'
2020-08-02 12:59:42,"b'Comfort? Breathability? HEPA? Filters? For the best reusable face #masks, look to the best expert outdoor gear comp\xe2\x80\xa6 https://t.co/N0bsUGRER5'"
2020-08-02 12:59:34,b'RT @CraigSteele9: #auspol \n#Yeshua \n#Jesus \n#love \n#corona \nSATAN tempting YESHUA for the second time in the desert.'
2020-08-02 12:59:24,b'RT @EhsanKhanIYC: @AmitShah #Corona Positive. https://t.co/NpiOul7wSH'
2020-08-02 12:59:15,"b'RT @Telugu360: ..2/2 \n\nJagan Administration in AP - 2 \n\n\xf0\x9f\x91\x89 Capital: \nSowed disputes between regions &amp; ruined 29,000 Amaravati farmer familie\xe2\x80\xa6'"
2020-08-02 12:59:13,b'RT @UncleRobTrump: Found a bug in my Chinese food. YUCK! #corona'
2020-08-02 12:59:02,"b'RT @galattadotcom: #GoodNews #CoronaTNUpdate 5517 New recoveries #Coronavirus Total recoveries in #TamilNadu becomes 196,483 | \n\n#COVID #CO\xe2\x80\xa6'"
2020-08-02 12:58:48,b'Union Home Minister #AmitShah sir Tested #Corona Positive.\n#GetwellSoonAmitShahji https://t.co/ffivxNLF9S'
2020-08-02 12:58:39,"b""RT @sanghaviharsh: It's not easy, trust me.\n\nHats off to all the #corona warriors. https://t.co/x5cz29jQuF"""
2020-08-02 12:58:39,b'Important new insights into the treatment of severely ill #Covid19 #Covid_19 patients in .@Zuyderland hospital in t\xe2\x80\xa6 https://t.co/jJD7no4Us7'
2020-08-02 12:58:38,b'RT @BlakePavey: Response to this video has been absolutely insane! Cannot thank everyone enough! 4.5 Million views on TikTok! #COVID19 #cov\xe2\x80\xa6'
2020-08-02 12:58:36,b'Seems like #Corona will soon be raided by ED &amp; CBI.'
2020-08-02 12:58:33,b'RT @ahamedindian: Home minister @AmitShah  #corona positive.\nBe safe... https://t.co/buxpOksujA'
2020-08-02 12:58:29,b'RT @pankajbhatt54: @AmitShah Wishing you speedy Recovery from #Corona from victims of #NSEL scam. You are the #chanakya of contemporary Ind\xe2\x80\xa6'
2020-08-02 12:58:21,"b""Here's the overall #Coronavirus stats in #TamilNadu as on Aug 02nd!  \n\n#COVID #COVID19India #CoronaOutbreak\xe2\x80\xa6 https://t.co/gZr8xhvqdW"""
2020-08-02 12:58:04,"b'RT @DrAMSinghvi: Best wishes to #HomeMinister #AmitShah for a quick recovery &amp;restful convalescence. As a #corona recoveree myself, he may\xe2\x80\xa6'"
2020-08-02 12:57:55,b'RT @rameshlaus: #BREAKING: TN Governor #BanwariLalPurhoit is tested #Corona positive.. \n\nWishing him a speedy recovery https://t.co/HUSex9F\xe2\x80\xa6'
2020-08-02 12:57:51,b'RT @BlakePavey: Response to this video has been absolutely insane! Cannot thank everyone enough! 4.5 Million views on TikTok! #COVID19 #cov\xe2\x80\xa6'
2020-08-02 12:57:45,b'RT @EhsanKhanIYC: @AmitShah #Corona Positive. https://t.co/NpiOul7wSH'
2020-08-02 12:57:33,"b'#Breaking: #CoronaTNUpdate Chennai registers 1,065 New cases on Aug 02nd! #Coronavirus positive cases in #Chennai T\xe2\x80\xa6 https://t.co/bYXWBOfHZU'"
2020-08-02 12:57:33,b'RT @pankajbhatt54: @AmitShah Wishing you speedy Recovery from #Corona from victims of #NSEL scam. You are the #chanakya of contemporary Ind\xe2\x80\xa6'
2020-08-02 12:57:26,b'District wise break up of Coronavirus cases in Tamil Nadu as of August 2.\n\n#Tamilnadu #Chennai #CoronaVirusUpdate\xe2\x80\xa6 https://t.co/3m74re362h'
2020-08-02 12:57:15,"b'RT @DrAMSinghvi: Best wishes to #HomeMinister #AmitShah for a quick recovery &amp;restful convalescence. As a #corona recoveree myself, he may\xe2\x80\xa6'"
2020-08-02 12:57:04,"b'RT @Telugu360: ..2/2 \n\nJagan Administration in AP - 2 \n\n\xf0\x9f\x91\x89 Capital: \nSowed disputes between regions &amp; ruined 29,000 Amaravati farmer familie\xe2\x80\xa6'"
2020-08-02 12:56:59,b'RT @pankajbhatt54: @AmitShah Wishing you speedy Recovery from #Corona from victims of #NSEL scam. You are the #chanakya of contemporary Ind\xe2\x80\xa6'
2020-08-02 12:56:53,b'Congratulation\xe2\x9d\xa3 @SrBachchan SIR\xf0\x9f\x99\x8f For your Negetive reports and you came back with joyfully and happiness\xe2\x9d\xa4.\nTumne\xe2\x80\xa6 https://t.co/zSxnOObWv3'
2020-08-02 12:56:47,"b'RT @TheKoreaHerald: S. Korea reports 30 new virus cases, number in 30s for 3rd straight day \n#SouthKorea #COVID19 #coronavirus #corona\nhttp\xe2\x80\xa6'"
2020-08-02 12:56:45,"b'RT @DrAMSinghvi: Best wishes to #HomeMinister #AmitShah for a quick recovery &amp;restful convalescence. As a #corona recoveree myself, he may\xe2\x80\xa6'"
2020-08-02 12:56:38,"b'RT @Telugu360: ..2/2 \n\nJagan Administration in AP - 2 \n\n\xf0\x9f\x91\x89 Capital: \nSowed disputes between regions &amp; ruined 29,000 Amaravati farmer familie\xe2\x80\xa6'"
2020-08-02 12:56:20,"b'RT @Telugu360: ..2/2 \n\nJagan Administration in AP - 2 \n\n\xf0\x9f\x91\x89 Capital: \nSowed disputes between regions &amp; ruined 29,000 Amaravati farmer familie\xe2\x80\xa6'"
2020-08-02 12:56:12,"b""RT @sanghaviharsh: It's not easy, trust me.\n\nHats off to all the #corona warriors. https://t.co/x5cz29jQuF"""
2020-08-02 12:56:11,b'\xe2\x9c\x8d HM #Amitshah Tested \xe2\x9e\x95\n\xe2\x9c\x8d UP BJP President swatantrata Dev Singh Tested \xe2\x9e\x95\n\xe2\x9c\x8dMP CM Shivraj Singh tested \xe2\x9e\x95\n\xe2\x9c\x8d TN Govern\xe2\x80\xa6 https://t.co/7W1W8vEqdD'
2020-08-02 12:56:11,b'RT @dreams_garage: Who wants to win \xc2\xa3100 for FREE?? \n\nJust follow the steps here and the winner will be chosen at random next Monday evenin\xe2\x80\xa6'
2020-08-02 12:56:07,"b'RT @PramodMadhav6: Tamilnadu #Corona update\n\nTotal for the day - 5,875\n\nOverall - 2,57,613\n\nTotal death - 4,132 (98)\n\nOverall active cases\xe2\x80\xa6'"
2020-08-02 12:56:07,"b""RT @sanghaviharsh: It's not easy, trust me.\n\nHats off to all the #corona warriors. https://t.co/x5cz29jQuF"""
2020-08-02 12:55:58,b'RT @jhakaran007: #corona tune galt bande se panga le liya hai ...\n\nAb #CBI or #ED tere piche bach skta h toh bach le ...\xf0\x9f\x98\x9c\xf0\x9f\x98\x82#Motabhai https:/\xe2\x80\xa6'
2020-08-02 12:55:50,"b'RT @Telugu360: ..2/2 \n\nJagan Administration in AP - 2 \n\n\xf0\x9f\x91\x89 Capital: \nSowed disputes between regions &amp; ruined 29,000 Amaravati farmer familie\xe2\x80\xa6'"
2020-08-02 12:55:45,b'Heard #corona sory #AmitShah is looking for both of U\xf0\x9f\x98\x87 https://t.co/OGXWS0ZTXs'
2020-08-02 12:55:30,"b'RT @Telugu360: ..2/2 \n\nJagan Administration in AP - 2 \n\n\xf0\x9f\x91\x89 Capital: \nSowed disputes between regions &amp; ruined 29,000 Amaravati farmer familie\xe2\x80\xa6'"
2020-08-02 12:55:17,"b'#GoodNews #CoronaTNUpdate 5517 New recoveries #Coronavirus Total recoveries in #TamilNadu becomes 196,483 |\xe2\x80\xa6 https://t.co/bZzbmEWMl6'"
2020-08-02 12:55:08,b'RT @galattadotcom: #Breaking: #CoronaTNUpdate 98 new deaths in past 24 hours! #Coronavirus deaths #TamilNadu Total goes up to 4132 | \n\n#COV\xe2\x80\xa6'
2020-08-02 12:55:06,"b""RT @sanghaviharsh: It's not easy, trust me.\n\nHats off to all the #corona warriors. https://t.co/x5cz29jQuF"""
2020-08-02 12:55:03,"b'RT @galattadotcom: #Breaking: #CoronaTNUpdate 5875 - new cases in #TN on Aug 02nd! #Coronavirus positive cases in #TamilNadu Total - 257,61\xe2\x80\xa6'"
2020-08-02 12:55:02,b'Wales Daily Coronavirus (COVID-19) Report. #coronavirus #Wales #Corona #covid19 #Covid19UK https://t.co/tlBfyKy9BL'
2020-08-02 12:55:00,b'From now onwards Corona Virus will not go for a morning walk. \n#Corona'
2020-08-02 12:54:44,b'#Breaking: #CoronaTNUpdate 98 new deaths in past 24 hours! #Coronavirus deaths #TamilNadu Total goes up to 4132 |\xe2\x80\xa6 https://t.co/X4A8tIeovC'
2020-08-02 12:54:32,"b""RT @sanghaviharsh: It's not easy, trust me.\n\nHats off to all the #corona warriors. https://t.co/x5cz29jQuF"""
2020-08-02 12:54:26,"b""RT @sanghaviharsh: It's not easy, trust me.\n\nHats off to all the #corona warriors. https://t.co/x5cz29jQuF"""
2020-08-02 12:54:25,b'RT @dsureshkumar: Here is the Tamil Nadu #COVID19 Update for today (August 2). \n\n#Corona https://t.co/yibOw30XDD'
2020-08-02 12:54:25,"b""@vijayrupanibjp @vijayrupanibjp Thanks @narendramodi Ji to making #vikas that's #vikas hepan and my 30 year house a\xe2\x80\xa6 https://t.co/Y8ThzlwgAV"""
2020-08-02 12:54:22,"b'RT @Telugu360: ..2/2 \n\nJagan Administration in AP - 2 \n\n\xf0\x9f\x91\x89 Capital: \nSowed disputes between regions &amp; ruined 29,000 Amaravati farmer familie\xe2\x80\xa6'"
2020-08-02 12:54:20,"b'RT @Telugu360: ..2/2 \n\nJagan Administration in AP - 2 \n\n\xf0\x9f\x91\x89 Capital: \nSowed disputes between regions &amp; ruined 29,000 Amaravati farmer familie\xe2\x80\xa6'"
2020-08-02 12:54:10,b'#Breaking: #CoronaTNUpdate 5875 - new cases in #TN on Aug 02nd! #Coronavirus positive cases in #TamilNadu Total - 2\xe2\x80\xa6 https://t.co/nK2cSITo6O'
2020-08-02 12:53:58,b'Home minister @AmitShah  #corona positive.\nBe safe... https://t.co/buxpOksujA'
2020-08-02 12:53:46,"b""RT @sanghaviharsh: It's not easy, trust me.\n\nHats off to all the #corona warriors. https://t.co/x5cz29jQuF"""
2020-08-02 12:53:32,"b'RT @FarukFirat1987: #BREAKING: Huge protest now in #Berlin, #Germany. They demonstrante against #Corona and against the government and they\xe2\x80\xa6'"
2020-08-02 12:53:31,b'RT @jeasbe: #Delhi #CovidRecovered\nNeed #Blood Type : O+\nAt : LNJP\nBlood Component : #Plasma\nPrimary Number :9899964708\nIllness :#Corona\n@B\xe2\x80\xa6'
2020-08-02 12:53:29,"b""@vijayrupanibjp @PRupala @vijayrupanibjp Thanks @narendramodi Ji to making #vikas that's #vikas hepan and my 30 yea\xe2\x80\xa6 https://t.co/4lPmMxoHwu"""
2020-08-02 12:53:19,"b'RT @Telugu360: ..2/2 \n\nJagan Administration in AP - 2 \n\n\xf0\x9f\x91\x89 Capital: \nSowed disputes between regions &amp; ruined 29,000 Amaravati farmer familie\xe2\x80\xa6'"
2020-08-02 12:53:07,"b'RT @Telugu360: ..2/2 \n\nJagan Administration in AP - 2 \n\n\xf0\x9f\x91\x89 Capital: \nSowed disputes between regions &amp; ruined 29,000 Amaravati farmer familie\xe2\x80\xa6'"
2020-08-02 12:52:56,"b'Check #Corona Positive cases, #Deaths and Recoveries as on August 2 in #TN\n\nhttps://t.co/RWqvyRD6NN'"
2020-08-02 12:52:55,"b""RT @DostKhan_Jammu: HM @AmitShah tested #Corona positive, but very fine.\nOn Doctors' advice, he is hospitalised. \nWe wish him a speedy reco\xe2\x80\xa6"""
2020-08-02 12:52:55,"b'RT @GrahamLedger: This chart proves that this \xe2\x80\x9ckiller\xe2\x80\x9d virus is no worse than than flu, that is IF the reporting was accurate. ITS NOT. Ope\xe2\x80\xa6'"
2020-08-02 12:52:48,"b""RT @sanghaviharsh: It's not easy, trust me.\n\nHats off to all the #corona warriors. https://t.co/x5cz29jQuF"""
2020-08-02 12:52:47,b'#auspol \n#Yeshua \n#Jesus \n#love \n#corona \nSATAN tempting YESHUA for the second time in the desert. https://t.co/6BSafGEOTS'
2020-08-02 12:52:41,b'RT @SickParvisMagna: US Billionaires gained 637 Billion USD thanks to #COVID19  https://t.co/csPDSar3gl  \n40 million Americans filed for un\xe2\x80\xa6'
2020-08-02 12:52:30,b'RT @hallagullaboy: UP will be the most effected state by #Corona very soon\n\nSituation is grim and the Govt\xe2\x80\x99s total focus is #RamMandir not\xe2\x80\xa6'
2020-08-02 12:52:20,b'RT @dsureshkumar: Here is the Tamil Nadu #COVID19 Update for today (August 2). \n\n#Corona https://t.co/yibOw30XDD'
2020-08-02 12:51:39,b'RT @SwayamPravash: OK Lets do #QuarantineFun with my #QuarantineDhinchak \nReleasing soon only on my YouTube channel: #swayampadhi \n#waitfor\xe2\x80\xa6'
2020-08-02 12:51:38,"b""RT @sanghaviharsh: It's not easy, trust me.\n\nHats off to all the #corona warriors. https://t.co/x5cz29jQuF"""
2020-08-02 12:51:36,"b'RT @DrAMSinghvi: Best wishes to #HomeMinister #AmitShah for a quick recovery &amp;restful convalescence. As a #corona recoveree myself, he may\xe2\x80\xa6'"
2020-08-02 12:51:21,"b'RT @AAPExpress: 2 Aug\n\n#DelhiFightsCorona \n\n\xf0\x9f\x94\xb9 961 NEW #Corona cases \nTOTAL- 1,37,677 cases\n\n\xf0\x9f\x94\xb9 1186 Recovered today,\nTOTAL Recovered- 1,23,3\xe2\x80\xa6'"
2020-08-02 12:50:57,b'RT @EhsanKhanIYC: @AmitShah #Corona Positive. https://t.co/NpiOul7wSH'
2020-08-02 12:50:54,"b""RT @sanghaviharsh: It's not easy, trust me.\n\nHats off to all the #corona warriors. https://t.co/x5cz29jQuF"""
2020-08-02 12:50:51,"b'RT @FarukFirat1987: #BREAKING: Huge protest now in #Berlin, #Germany. They demonstrante against #Corona and against the government and they\xe2\x80\xa6'"
2020-08-02 12:50:50,b'RT @sadhavi: #Namaste - what\xe2\x80\x99s the science behind Indian Namaste. I explain how every ancient Indian practice has a deep scientific and spi\xe2\x80\xa6'
2020-08-02 12:50:46,b'RT @airnews_Chennai: Tamil Nadu COVID 19 \xe2\x80\x93 District Wise Case Details (02/08/2020)\n#Lockdown #TamilNadu #Corona #StaySafe #COVID19 #TN http\xe2\x80\xa6'
2020-08-02 12:50:40,"b'RT @DrAMSinghvi: Best wishes to #HomeMinister #AmitShah for a quick recovery &amp;restful convalescence. As a #corona recoveree myself, he may\xe2\x80\xa6'"
2020-08-02 12:50:29,b'RT @anilduhoon: 5 Aug must not shift focus away from #Ladakh and #Corona. \nGovt has a lot to explain on these two fronts. \nWe will not get\xe2\x80\xa6'
2020-08-02 12:50:27,"b""RT @sanghaviharsh: It's not easy, trust me.\n\nHats off to all the #corona warriors. https://t.co/x5cz29jQuF"""
2020-08-02 12:50:23,"b'RT @Telugu360: ..2/2 \n\nJagan Administration in AP - 2 \n\n\xf0\x9f\x91\x89 Capital: \nSowed disputes between regions &amp; ruined 29,000 Amaravati farmer familie\xe2\x80\xa6'"
2020-08-02 12:50:18,b'RT @airnews_Chennai: COVID-19 Positive Deaths (02.08.2020)\n#Lockdown #TamilNadu #Corona #StaySafe #COVID19 #TN https://t.co/nbLIr3UAoD'
2020-08-02 12:49:53,b'RT @BlakePavey: Response to this video has been absolutely insane! Cannot thank everyone enough! 4.5 Million views on TikTok! #COVID19 #cov\xe2\x80\xa6'
2020-08-02 12:49:46,b'RT @airnews_Chennai: Tamil Nadu COVID 19 \xe2\x80\x93 District Wise Case Details (02/08/2020)\n#Lockdown #TamilNadu #Corona #StaySafe #COVID19 #TN http\xe2\x80\xa6'
2020-08-02 12:49:43,b'COVID-19 Positive Deaths (02.08.2020)\n#Lockdown #TamilNadu #Corona #StaySafe #COVID19 #TN https://t.co/nbLIr3UAoD'
2020-08-02 12:49:37,"b'RT @DrAMSinghvi: Best wishes to #HomeMinister #AmitShah for a quick recovery &amp;restful convalescence. As a #corona recoveree myself, he may\xe2\x80\xa6'"
2020-08-02 12:49:36,"b'RT @PramodMadhav6: Tamilnadu #Corona update\n\nTotal for the day - 5,875\n\nOverall - 2,57,613\n\nTotal death - 4,132 (98)\n\nOverall active cases\xe2\x80\xa6'"
2020-08-02 12:49:34,"b'RT @Telugu360: ..2/2 \n\nJagan Administration in AP - 2 \n\n\xf0\x9f\x91\x89 Capital: \nSowed disputes between regions &amp; ruined 29,000 Amaravati farmer familie\xe2\x80\xa6'"
2020-08-02 12:49:26,b'#Yeshua \n#Jesus \n#love \n#corona \n#YesWeCanAgain \nPUT YESHUA FIRST.\n\nNOT BABYLON.\n\nCOME OUT OF HER.\n\nTODAY IS NOT TH\xe2\x80\xa6 https://t.co/LJNZigqWHx'
2020-08-02 12:49:25,b'This would never happen that #Advani ji and #MurliManoharJoshi ji  are not invited for #RamMandirBhumiPujan !!\n\nAmi\xe2\x80\xa6 https://t.co/6KtAKnE69e'
2020-08-02 12:49:23,b'THE RATES OF MLAs have drastically fallen in MLA STOCK MARKET\xf0\x9f\x98\x82...\nDon\xe2\x80\x99t know if it is real or a publicity stunt so\xe2\x80\xa6 https://t.co/H5eDXinj3j'
2020-08-02 12:49:22,b'RT @AquarianTruths: Can #Corona be our Last Hope ???'
2020-08-02 12:49:21,"b""RT @sanghaviharsh: It's not easy, trust me.\n\nHats off to all the #corona warriors. https://t.co/x5cz29jQuF"""
2020-08-02 12:49:16,"b""RT @DostKhan_Jammu: HM @AmitShah tested #Corona positive, but very fine.\nOn Doctors' advice, he is hospitalised. \nWe wish him a speedy reco\xe2\x80\xa6"""
2020-08-02 12:49:11,"b'RT @DrAMSinghvi: Best wishes to #HomeMinister #AmitShah for a quick recovery &amp;restful convalescence. As a #corona recoveree myself, he may\xe2\x80\xa6'"
2020-08-02 12:49:05,b'@MrMetKevC @thehill @McConnellPress And besides that most of the money that went to the rich in the #Corona bill an\xe2\x80\xa6 https://t.co/9Ttttl8kmq'
2020-08-02 12:49:05,b'RT @saifan64984176: Respected government officials please postpone JEE &amp; NEET exam this is not the right time to conduct examination. Even\xe2\x80\xa6'
2020-08-02 12:49:03,b'Amit shah #corona positive.\n\nWhat is your priority now??Going to hospital or going to Ayodhya???'
2020-08-02 12:49:02,b'RT @BlakePavey: Response to this video has been absolutely insane! Cannot thank everyone enough! 4.5 Million views on TikTok! #COVID19 #cov\xe2\x80\xa6'
2020-08-02 12:48:55,b'Tamil Nadu COVID 19 \xe2\x80\x93 District Wise Case Details (02/08/2020)\n#Lockdown #TamilNadu #Corona #StaySafe #COVID19 #TN https://t.co/DWMpdRUBBz'
2020-08-02 12:48:51,"b""RT @sanghaviharsh: It's not easy, trust me.\n\nHats off to all the #corona warriors. https://t.co/x5cz29jQuF"""
2020-08-02 12:48:34,"b'RT @FarukFirat1987: #BREAKING: Huge protest now in #Berlin, #Germany. They demonstrante against #Corona and against the government and they\xe2\x80\xa6'"
2020-08-02 12:48:31,b'@NCUSCR \n#COVID19 \n#Coronavirus \n#Corona\n\nHow can we identify people who are dyed by Allah?\n\nWATCH HERE\xe2\x80\xa6 https://t.co/icg0hsFJaw'
2020-08-02 12:48:03,"b'RT @DrAMSinghvi: Best wishes to #HomeMinister #AmitShah for a quick recovery &amp;restful convalescence. As a #corona recoveree myself, he may\xe2\x80\xa6'"
2020-08-02 12:47:58,b'@SCMP_Sport \n#COVID19 \n#Coronavirus \n#Corona \n\nCan Peer or Saints carry the Mistakes or Faults of people for Salvat\xe2\x80\xa6 https://t.co/Y6QE1n2h7f'
2020-08-02 12:47:43,"b'RT @DrAMSinghvi: Best wishes to #HomeMinister #AmitShah for a quick recovery &amp;restful convalescence. As a #corona recoveree myself, he may\xe2\x80\xa6'"
2020-08-02 12:47:32,b'RT @dsureshkumar: Here is the Tamil Nadu #COVID19 Update for today (August 2). \n\n#Corona https://t.co/yibOw30XDD'
2020-08-02 12:47:28,b'RT @syed_jawaid89: @XHNews \n#COVID19 \n#Coronavirus \n#Corona\n\nDoes not God give us the capacity to bear the burden and how should we ask for\xe2\x80\xa6'
2020-08-02 12:47:27,b'RT @dsureshkumar: Here is the Tamil Nadu #COVID19 Update for today (August 2). \n\n#Corona https://t.co/yibOw30XDD'
2020-08-02 12:47:26,"b'RT @DrAMSinghvi: Best wishes to #HomeMinister #AmitShah for a quick recovery &amp;restful convalescence. As a #corona recoveree myself, he may\xe2\x80\xa6'"
2020-08-02 12:47:26,b'@XHNews \n#COVID19 \n#Coronavirus \n#Corona\n\nDoes not God give us the capacity to bear the burden and how should we as\xe2\x80\xa6 https://t.co/08b96QYV6J'
2020-08-02 12:47:10,"b""RT @sanghaviharsh: It's not easy, trust me.\n\nHats off to all the #corona warriors. https://t.co/x5cz29jQuF"""
2020-08-02 12:47:01,"b'\xf0\x9f\xa6\xa0#COVID19 Positive cases Today, August 02\n\n\xf0\x9f\x91\xa8\xe2\x80\x8d\xf0\x9f\x91\xa9\xe2\x80\x8d\xf0\x9f\x91\xa7\xe2\x80\x8d\xf0\x9f\x91\xa6 #TamilNadu - 5,875\n\xf0\x9f\x91\xa8\xe2\x80\x8d\xf0\x9f\x91\xa9\xe2\x80\x8d\xf0\x9f\x91\xa7\xe2\x80\x8d\xf0\x9f\x91\xa6 #Chennai- 1,065\n\xf0\x9f\x92\xaa Today Discharge - 5\xe2\x80\xa6 https://t.co/5wMIs1u2S0'"
2020-08-02 12:47:00,"b'RT @KashmirPolice: Our #hero Ct Iqbal Ahmad (AB+) of District Police Baramulla, a #Corona #survivor, donated #plasma. All survivors should\xe2\x80\xa6'"
2020-08-02 12:46:56,b'@ChinaOpen \n#COVID19 \n#Coronavirus \n#Corona \n\nCan Jihad/Struggle in the way of Allah/God be successful without pati\xe2\x80\xa6 https://t.co/QBvjVnFvky'
2020-08-02 12:46:50,b'#socialevils \nOnce- #untouchability \nNow- #Corona'
2020-08-02 12:46:48,b'RT @Aneela_7: * First Amitabh Bachchan &amp; his family\n\n* Then Shivraj Chauhan\n\n* Now Amit Shah\n\nAll admitted for #Corona \xf0\x9f\x99\x84\xf0\x9f\xa4\xb7\xf0\x9f\x8f\xbb\xe2\x80\x8d\xe2\x99\x80\xef\xb8\x8f\n\nNow get read\xe2\x80\xa6'
2020-08-02 12:46:47,"b'RT @Telugu360: ..2/2 \n\nJagan Administration in AP - 2 \n\n\xf0\x9f\x91\x89 Capital: \nSowed disputes between regions &amp; ruined 29,000 Amaravati farmer familie\xe2\x80\xa6'"
2020-08-02 12:46:43,b'RT @anilduhoon: 5 Aug must not shift focus away from #Ladakh and #Corona. \nGovt has a lot to explain on these two fronts. \nWe will not get\xe2\x80\xa6'
2020-08-02 12:46:38,b'RT @EhsanKhanIYC: @AmitShah #Corona Positive. https://t.co/NpiOul7wSH'
2020-08-02 12:46:34,"b'RT @FarukFirat1987: #BREAKING: Huge protest now in #Berlin, #Germany. They demonstrante against #Corona and against the government and they\xe2\x80\xa6'"
2020-08-02 12:46:29,b'RT @pankajbhatt54: @AmitShah Wishing you speedy Recovery from #Corona from victims of #NSEL scam. You are the #chanakya of contemporary Ind\xe2\x80\xa6'
2020-08-02 12:46:26,b'RT @BlakePavey: Response to this video has been absolutely insane! Cannot thank everyone enough! 4.5 Million views on TikTok! #COVID19 #cov\xe2\x80\xa6'
2020-08-02 12:46:24,"b""RT @sanghaviharsh: It's not easy, trust me.\n\nHats off to all the #corona warriors. https://t.co/x5cz29jQuF"""
2020-08-02 12:45:38,b'RT @dsureshkumar: Here is the Tamil Nadu #COVID19 Update for today (August 2). \n\n#Corona https://t.co/yibOw30XDD'
2020-08-02 12:45:32,"b""@AmitShah hope you recover soon \nAnd #RamMandirPandit also was affected through #Covid_19 \nI guess #Corona doesn't\xe2\x80\xa6 https://t.co/bxccA6avAB"""
2020-08-02 12:45:30,"b'Tamilnadu #Corona update\n\nTotal for the day - 5,875\n\nOverall - 2,57,613\n\nTotal death - 4,132 (98)\n\nOverall active c\xe2\x80\xa6 https://t.co/b5rAnrSUQd'"
2020-08-02 12:45:24,b'Room in Uman despite #corona: #covid19 #coronavirus https://t.co/OS7rqbTbdS'
2020-08-02 12:45:22,b'Friendship Bonding \xf0\x9f\x91\xac\xf0\x9f\x93\xbd\xf0\x9f\x99\x8c\xf0\x9f\x8f\xbb\n#Fieldclearrr #AssistantDirector #Director #cinema #kollywood #editor #artists\xe2\x80\xa6 https://t.co/R8BHuFQ9Hb'
2020-08-02 12:45:14,b'RT @anilduhoon: 5 Aug must not shift focus away from #Ladakh and #Corona. \nGovt has a lot to explain on these two fronts. \nWe will not get\xe2\x80\xa6'
2020-08-02 12:45:14,"b'Union Home Minister Amit Shah tests positive for COVID-19, admitted to hospital\nHIT THE LINK\xe2\x80\xa6 https://t.co/WY1Hp8nItt'"
2020-08-02 12:45:13,"b""RT @sanghaviharsh: It's not easy, trust me.\n\nHats off to all the #corona warriors. https://t.co/x5cz29jQuF"""
2020-08-02 12:45:08,b'@chinaorgcn \n#COVID19\n#Coronavirus \n#Corona \n\nDoes not The Quran explain the Most Beautiful Pattern of Muhammad (pb\xe2\x80\xa6 https://t.co/UWJy6UmRXx'
2020-08-02 12:45:08,"b""@globaltimesnews Yes, with Chinese viruses #Corona. Please serve this dish to your mom and say- don't born child like you"""
2020-08-02 12:45:06,b'Room in Uman despite #corona: #covid19 #coronavirus https://t.co/Apw3OCzfau'
2020-08-02 12:45:02,"b'RT @Telugu360: ..2/2 \n\nJagan Administration in AP - 2 \n\n\xf0\x9f\x91\x89 Capital: \nSowed disputes between regions &amp; ruined 29,000 Amaravati farmer familie\xe2\x80\xa6'"
2020-08-02 12:45:02,b'\xf0\x9f\x92\x8eStay Safe &amp; Healthy\xf0\x9f\x92\x8e\n\n\xe2\x9e\x95Whitestone is here to help you protect more than just your phone\n#health #corona #mask\xe2\x80\xa6 https://t.co/42oagzs3FA'
2020-08-02 12:44:44,b'RT @BlakePavey: Response to this video has been absolutely insane! Cannot thank everyone enough! 4.5 Million views on TikTok! #COVID19 #cov\xe2\x80\xa6'
2020-08-02 12:44:43,b'RT @BlakePavey: Response to this video has been absolutely insane! Cannot thank everyone enough! 4.5 Million views on TikTok! #COVID19 #cov\xe2\x80\xa6'
2020-08-02 12:44:31,b'RT @BlakePavey: Response to this video has been absolutely insane! Cannot thank everyone enough! 4.5 Million views on TikTok! #COVID19 #cov\xe2\x80\xa6'
2020-08-02 12:44:27,b'RT @dsureshkumar: Here is the Tamil Nadu #COVID19 Update for today (August 2). \n\n#Corona https://t.co/yibOw30XDD'
2020-08-02 12:44:20,b'RT @dsureshkumar: Here is the Tamil Nadu #COVID19 Update for today (August 2). \n\n#Corona https://t.co/yibOw30XDD'
2020-08-02 12:44:19,b'@SCMPNews \n#COVID19 \n#Coronavirus \n#Corona \n\nHow to invite Muslims from the People of The Book?\n\nWATCH HERE\xe2\x80\xa6 https://t.co/6KcYCVvwqT'
2020-08-02 12:44:17,b'RT @dsureshkumar: Here is the Tamil Nadu #COVID19 Update for today (August 2). \n\n#Corona https://t.co/yibOw30XDD'
2020-08-02 12:44:03,b'RT @dsureshkumar: Here is the Tamil Nadu #COVID19 Update for today (August 2). \n\n#Corona https://t.co/yibOw30XDD'
2020-08-02 12:44:03,b'RT @anilduhoon: 5 Aug must not shift focus away from #Ladakh and #Corona. \nGovt has a lot to explain on these two fronts. \nWe will not get\xe2\x80\xa6'
2020-08-02 12:43:46,"b'@ChinaPlusNews \n#COVID19 \n#Coronavirus \n#Corona \n\nDo not the disguised close ones, kill those who are truly close t\xe2\x80\xa6 https://t.co/S99ZPS47nj'"
2020-08-02 12:43:46,b'Here is the Tamil Nadu #COVID19 Update for today (August 2). \n\n#Corona https://t.co/yibOw30XDD'
2020-08-02 12:43:45,"b'After mota bhai infected wid corona, our media realize that they have to cover covid also. Otherwise they show 24/7\xe2\x80\xa6 https://t.co/7c1764s1b6'"
2020-08-02 12:43:45,"b""RT @sanghaviharsh: It's not easy, trust me.\n\nHats off to all the #corona warriors. https://t.co/x5cz29jQuF"""
2020-08-02 12:43:33,b'RT @EhsanKhanIYC: @AmitShah #Corona Positive. https://t.co/NpiOul7wSH'
2020-08-02 12:43:33,"b'RT @FarukFirat1987: #BREAKING: Huge protest now in #Berlin, #Germany. They demonstrante against #Corona and against the government and they\xe2\x80\xa6'"
2020-08-02 12:43:22,"b'RT @FarukFirat1987: #BREAKING: Huge protest now in #Berlin, #Germany. They demonstrante against #Corona and against the government and they\xe2\x80\xa6'"
2020-08-02 12:43:17,b'RT @VanwariDevesh: Why not CBSE is not in the mood off cancel the Compartment exam\xf0\x9f\x98\xa1\xf0\x9f\xa5\xba\xf0\x9f\x99\x8f @DrRPNishank @HRDMinistry @cbseindia29 \xf0\x9f\x96\x95plz help @nid\xe2\x80\xa6'
2020-08-02 12:43:15,"b'@ChineseEmbinUS \n#COVID19 \n#Coronavirus \n#Corona \n\nWhat the Messenger gives you, take it, and what he forbids you,\xe2\x80\xa6 https://t.co/aZ9fqEn4gX'"
2020-08-02 12:43:04,"b'RT @Telugu360: ..2/2 \n\nJagan Administration in AP - 2 \n\n\xf0\x9f\x91\x89 Capital: \nSowed disputes between regions &amp; ruined 29,000 Amaravati farmer familie\xe2\x80\xa6'"
2020-08-02 12:42:54,"b'RT @FarukFirat1987: #BREAKING: Huge protest now in #Berlin, #Germany. They demonstrante against #Corona and against the government and they\xe2\x80\xa6'"
2020-08-02 12:42:40,"b'RT @Telugu360: ..2/2 \n\nJagan Administration in AP - 2 \n\n\xf0\x9f\x91\x89 Capital: \nSowed disputes between regions &amp; ruined 29,000 Amaravati farmer familie\xe2\x80\xa6'"
2020-08-02 12:42:37,b'RT @anilduhoon: 5 Aug must not shift focus away from #Ladakh and #Corona. \nGovt has a lot to explain on these two fronts. \nWe will not get\xe2\x80\xa6'
2020-08-02 12:42:37,b'@bandushingote @RajFouji2 @umeshctyagi @cprd_india @NandkishoreVal1 @tovktripathi @annapurnaupadhy @brahamaastra\xe2\x80\xa6 https://t.co/MUKItAN98Z'
2020-08-02 12:42:36,b'@Echinanews \n#COVID19 \n#Coronavirus \n#Corona \n\nDid not Kaaba exist before Ibraheem/Abraham (pbuh) along with establ\xe2\x80\xa6 https://t.co/WB7xsaHbxO'
2020-08-02 12:41:58,"b'RT @Telugu360: ..2/2 \n\nJagan Administration in AP - 2 \n\n\xf0\x9f\x91\x89 Capital: \nSowed disputes between regions &amp; ruined 29,000 Amaravati farmer familie\xe2\x80\xa6'"
2020-08-02 12:41:58,b'RT @rameshlaus: #BREAKING: TN Governor #BanwariLalPurhoit is tested #Corona positive.. \n\nWishing him a speedy recovery https://t.co/HUSex9F\xe2\x80\xa6'
2020-08-02 12:41:46,"b'RT @Telugu360: ..2/2 \n\nJagan Administration in AP - 2 \n\n\xf0\x9f\x91\x89 Capital: \nSowed disputes between regions &amp; ruined 29,000 Amaravati farmer familie\xe2\x80\xa6'"
2020-08-02 12:41:31,b'RT @EhsanKhanIYC: @AmitShah #Corona Positive. https://t.co/NpiOul7wSH'
2020-08-02 12:41:18,"b""RT @DostKhan_Jammu: HM @AmitShah tested #Corona positive, but very fine.\nOn Doctors' advice, he is hospitalised. \nWe wish him a speedy reco\xe2\x80\xa6"""
2020-08-02 12:41:08,"b'RT @Telugu360: ..2/2 \n\nJagan Administration in AP - 2 \n\n\xf0\x9f\x91\x89 Capital: \nSowed disputes between regions &amp; ruined 29,000 Amaravati farmer familie\xe2\x80\xa6'"
2020-08-02 12:41:03,b'RT @EhsanKhanIYC: @AmitShah #Corona Positive. https://t.co/NpiOul7wSH'
2020-08-02 12:41:02,b'Breaking News.....\n#Corona hospitalised after Mota Bhai tests positive for #COVID19India \n\xf0\x9f\x98\x84\xf0\x9f\x98\x84\xf0\x9f\x98\x84\xf0\x9f\x98\x84\xf0\x9f\x98\x84\xf0\x9f\x98\x84'
2020-08-02 12:40:53,"b'RT @DrAMSinghvi: Best wishes to #HomeMinister #AmitShah for a quick recovery &amp;restful convalescence. As a #corona recoveree myself, he may\xe2\x80\xa6'"
2020-08-02 12:40:50,b'RT @BlakePavey: Response to this video has been absolutely insane! Cannot thank everyone enough! 4.5 Million views on TikTok! #COVID19 #cov\xe2\x80\xa6'
2020-08-02 12:40:44,b'RT @EhsanKhanIYC: @AmitShah #Corona Positive. https://t.co/NpiOul7wSH'
2020-08-02 12:40:43,"b'RT @Telugu360: ..2/2 \n\nJagan Administration in AP - 2 \n\n\xf0\x9f\x91\x89 Capital: \nSowed disputes between regions &amp; ruined 29,000 Amaravati farmer familie\xe2\x80\xa6'"
2020-08-02 12:40:24,"b'RT @DrAMSinghvi: Best wishes to #HomeMinister #AmitShah for a quick recovery &amp;restful convalescence. As a #corona recoveree myself, he may\xe2\x80\xa6'"
2020-08-02 12:40:19,b'RT @BNY710: Mota Bhai Tested #Corona Positive..\nGet Well Soon Sir..#AmitShah https://t.co/GPYrL9u6Dp'
2020-08-02 12:40:18,b'#AmitShah\nFinally CoRona CatChEs ThE righT Candidate...aSsholE\n#AmitShah \n#Corona \n#AmiT_Bahabhi'
2020-08-02 12:40:15,b'RT @saifan64984176: Respected government officials please postpone JEE &amp; NEET exam this is not the right time to conduct examination. Even\xe2\x80\xa6'
2020-08-02 12:40:09,b'RT @Bloodpointorg: #Hyderabad #SOS #COVID19India \nNeed O+ ve #blood #plasma from #covidrecovery  patient\nIllness #Corona\nAt Yashoda Hospita\xe2\x80\xa6'
2020-08-02 12:40:07,b'RT @KetoDietHealth_: keto has changed my life &amp; It will change your life \xf0\x9f\x91\x89 https://t.co/GbCBOoOzqC\n\xf0\x9f\x8c\xbf8-week meal plan\n\xf0\x9f\x8c\xb1Losing 5-10lbs per we\xe2\x80\xa6'
2020-08-02 12:40:03,"b'RT @Telugu360: ..2/2 \n\nJagan Administration in AP - 2 \n\n\xf0\x9f\x91\x89 Capital: \nSowed disputes between regions &amp; ruined 29,000 Amaravati farmer familie\xe2\x80\xa6'"
2020-08-02 12:40:02,"b'RT @Bloodpointorg: #Warangal #SOS  #COVID19India \nNeed B+ve #Blood #plasma from #covidrecovery  patient\nIllness #Corona\nAt Aditya Hospital,\xe2\x80\xa6'"
2020-08-02 12:40:00,"b""RT @DostKhan_Jammu: HM @AmitShah tested #Corona positive, but very fine.\nOn Doctors' advice, he is hospitalised. \nWe wish him a speedy reco\xe2\x80\xa6"""
2020-08-02 12:39:53,b'RT @EhsanKhanIYC: @AmitShah #Corona Positive. https://t.co/NpiOul7wSH'
2020-08-02 12:39:49,"b'RT @DrAMSinghvi: Best wishes to #HomeMinister #AmitShah for a quick recovery &amp;restful convalescence. As a #corona recoveree myself, he may\xe2\x80\xa6'"
2020-08-02 12:39:43,"b""RT @sanghaviharsh: It's not easy, trust me.\n\nHats off to all the #corona warriors. https://t.co/x5cz29jQuF"""
2020-08-02 12:39:36,"b""Hon'ble @HMOIndia Shri @AmitShah ji tested positive for #Corona. I pray to God for his speedy recovery.\xe2\x80\xa6 https://t.co/hrZb65HTOc"""
2020-08-02 12:39:28,"b'RT @Telugu360: ..2/2 \n\nJagan Administration in AP - 2 \n\n\xf0\x9f\x91\x89 Capital: \nSowed disputes between regions &amp; ruined 29,000 Amaravati farmer familie\xe2\x80\xa6'"
2020-08-02 12:39:22,"b'#Corona has messed up with the wrong person @AmitShah ji.\n\nYour time is over #coronavirus , #gocoronago \n\nGet Well\xe2\x80\xa6 https://t.co/4CHvYrDRv0'"
2020-08-02 12:39:21,"b""RT @sanghaviharsh: It's not easy, trust me.\n\nHats off to all the #corona warriors. https://t.co/x5cz29jQuF"""
2020-08-02 12:39:15,"b'RT @Telugu360: ..2/2 \n\nJagan Administration in AP - 2 \n\n\xf0\x9f\x91\x89 Capital: \nSowed disputes between regions &amp; ruined 29,000 Amaravati farmer familie\xe2\x80\xa6'"
2020-08-02 12:39:08,b'Mota Bhai Tested #Corona Positive..\nGet Well Soon Sir..#AmitShah https://t.co/GPYrL9u6Dp'
2020-08-02 12:39:01,b'RT @pankajbhatt54: @AmitShah Wishing you speedy Recovery from #Corona from victims of #NSEL scam. You are the #chanakya of contemporary Ind\xe2\x80\xa6'
2020-08-02 12:38:58,"b'RT @Telugu360: ..2/2 \n\nJagan Administration in AP - 2 \n\n\xf0\x9f\x91\x89 Capital: \nSowed disputes between regions &amp; ruined 29,000 Amaravati farmer familie\xe2\x80\xa6'"
2020-08-02 12:38:51,"b'No one, literally no one people to #Corona virus after #AmitabhBachchan and #AmitShah tested CORONA positive; https://t.co/3ZRcjS9mrS'"
2020-08-02 12:38:45,"b'RT @DrAMSinghvi: Best wishes to #HomeMinister #AmitShah for a quick recovery &amp;restful convalescence. As a #corona recoveree myself, he may\xe2\x80\xa6'"
2020-08-02 12:38:37,"b""RT @sanghaviharsh: It's not easy, trust me.\n\nHats off to all the #corona warriors. https://t.co/x5cz29jQuF"""
2020-08-02 12:38:35,"b'RT @Telugu360: ..2/2 \n\nJagan Administration in AP - 2 \n\n\xf0\x9f\x91\x89 Capital: \nSowed disputes between regions &amp; ruined 29,000 Amaravati farmer familie\xe2\x80\xa6'"
2020-08-02 12:38:34,"b'RT @Telugu360: ..2/2 \n\nJagan Administration in AP - 2 \n\n\xf0\x9f\x91\x89 Capital: \nSowed disputes between regions &amp; ruined 29,000 Amaravati farmer familie\xe2\x80\xa6'"
2020-08-02 12:38:25,"b""RT @DostKhan_Jammu: HM @AmitShah tested #Corona positive, but very fine.\nOn Doctors' advice, he is hospitalised. \nWe wish him a speedy reco\xe2\x80\xa6"""
2020-08-02 12:38:22,"b'RT @VNarayanasami: This morning (02-08-2020), inspection held at many places in #Puducherry to ensure the activities of public amidst #coro\xe2\x80\xa6'"
2020-08-02 12:38:04,"b""RT @sanghaviharsh: It's not easy, trust me.\n\nHats off to all the #corona warriors. https://t.co/x5cz29jQuF"""
2020-08-02 12:37:58,b'RT @EhsanKhanIYC: @AmitShah #Corona Positive. https://t.co/NpiOul7wSH'
2020-08-02 12:37:46,"b""RT @sanghaviharsh: It's not easy, trust me.\n\nHats off to all the #corona warriors. https://t.co/x5cz29jQuF"""
2020-08-02 12:37:45,b'RT @Bloodpointorg: #Hyderabad #SOS  #COVID19India \nNeed B+ve #Blood #plasma from #covidrecovery  patient\nNumber of Units 2\nIllness #Corona\xe2\x80\xa6'
2020-08-02 12:37:38,"b""RT @sanghaviharsh: It's not easy, trust me.\n\nHats off to all the #corona warriors. https://t.co/x5cz29jQuF"""
2020-08-02 12:37:32,b'RT @anilduhoon: 5 Aug must not shift focus away from #Ladakh and #Corona. \nGovt has a lot to explain on these two fronts. \nWe will not get\xe2\x80\xa6'
2020-08-02 12:37:14,b'RT @SDey83: #Corona Viruses has found #Communal Virus.\n\n#JustSaying'
2020-08-02 12:37:11,b'RT @chennaipresnews: Overcharged &amp; suspension: Tamil Nadu government temporarily revoked\xc2\xa0the Covid-19 treatment licence of Bewell private h\xe2\x80\xa6'
2020-08-02 12:36:57,b'Philippines COVID-19 News: Coronavirus Situation In Philippines Expected To Deteriorate Extremely Badly The Next Fe\xe2\x80\xa6 https://t.co/qU99PT6Ryz'
2020-08-02 12:36:53,"b""RT @DostKhan_Jammu: HM @AmitShah tested #Corona positive, but very fine.\nOn Doctors' advice, he is hospitalised. \nWe wish him a speedy reco\xe2\x80\xa6"""
2020-08-02 12:36:52,b'#AmitabhBachchan Out\n\n#AmitShah In\n\nNowadays #Corona be like : https://t.co/gdO6sxOBQ9'
2020-08-02 12:36:48,b'#CoronaInfoCH #COVID19 #corona #business #worldnews \nA Tennessee pastor tested positive for COVID-19 one week after\xe2\x80\xa6 https://t.co/Y7RZPdDFOx'
2020-08-02 12:36:40,b'RT @anilduhoon: 5 Aug must not shift focus away from #Ladakh and #Corona. \nGovt has a lot to explain on these two fronts. \nWe will not get\xe2\x80\xa6'
2020-08-02 12:36:37,b'#corona tune galt bande se panga le liya hai ...\n\nAb #CBI or #ED tere piche bach skta h toh bach le ...\xf0\x9f\x98\x9c\xf0\x9f\x98\x82#Motabhai https://t.co/oVp6IUemgc'
2020-08-02 12:36:23,b'RT @Vijaykarthikeyn: #Tiruppur #Corona #Update  \nToday\xe2\x80\x99s cases 36\nTotal cases  909\nActive cases 317\nDischarges 26\nTotal House quarantine- 2\xe2\x80\xa6'
2020-08-02 12:36:10,"b'RT @VoiceofJnK: Our #hero Ct Iqbal Ahmad (AB+) of District Police Baramulla, a #Corona #survivor, donated #plasma. All survivors should emu\xe2\x80\xa6'"
2020-08-02 12:36:05,b'RT @pankajbhatt54: @AmitShah Wishing you speedy Recovery from #Corona from victims of #NSEL scam. You are the #chanakya of contemporary Ind\xe2\x80\xa6'
2020-08-02 12:35:53,b'RT @saifan64984176: Respected government officials please postpone JEE &amp; NEET exam this is not the right time to conduct examination. Even\xe2\x80\xa6'
2020-08-02 12:35:26,"b'..2/2 \n\nJagan Administration in AP - 2 \n\n\xf0\x9f\x91\x89 Capital: \nSowed disputes between regions &amp; ruined 29,000 Amaravati farme\xe2\x80\xa6 https://t.co/WBlHFVG3nA'"
2020-08-02 12:34:51,"b'RT @FarukFirat1987: #BREAKING: Huge protest now in #Berlin, #Germany. They demonstrante against #Corona and against the government and they\xe2\x80\xa6'"
2020-08-02 12:34:29,b'My Artwork\n#Trump Suggests Postponing of U.S. Elections due to #Corona.\n\n#Trump2020 #Election2020 #USElection2020\xe2\x80\xa6 https://t.co/o0cVbL0Fol'
2020-08-02 12:34:18,b'@joemjeffrey Total cases of Covid-19 per countries https://t.co/4zMFvWoylP #Covid_19 #Corona #coronavirus'
2020-08-02 12:34:04,b'RT @AkshayaMurali2: #HRDPostponeJEE_NEET @HRDMinistry you feel like you should get the exams over with but look at the situation.\n\nDo you r\xe2\x80\xa6'
2020-08-02 12:33:58,b'@AmitShah Wishing you speedy Recovery from #Corona from victims of #NSEL scam. You are the #chanakya of contemporar\xe2\x80\xa6 https://t.co/zrVRXH9RUf'
2020-08-02 12:33:52,"b""RT @sanghaviharsh: It's not easy, trust me.\n\nHats off to all the #corona warriors. https://t.co/x5cz29jQuF"""
2020-08-02 12:33:51,b'Interesting to see how so many people opted for E-Qurbani! Is this because of Corona or the hassle free service? Th\xe2\x80\xa6 https://t.co/m9OMR7KNXN'
2020-08-02 12:33:51,"b""Today\xe2\x80\x99s Covid-19 Kerala Update\n\xe0\xb4\x95\xe0\xb5\x87\xe0\xb4\xb0\xe0\xb4\xb3\xe0\xb4\xa4\xe0\xb5\x8d\xe0\xb4\xa4\xe0\xb4\xbf\xe0\xb4\xb2\xe0\xb5\x86 \xe0\xb4\x87\xe0\xb4\xa8\xe0\xb5\x8d\xe0\xb4\xa8\xe0\xb4\xa4\xe0\xb5\x86  \xe0\xb4\x95\xe0\xb5\x8b\xe0\xb4\xb5\xe0\xb4\xbf\xe0\xb4\xa1\xe0\xb5\x8d-19 \xe0\xb4\x95\xe0\xb4\xa3\xe0\xb4\x95\xe0\xb5\x8d\xe0\xb4\x95\xe0\xb5\x81\xe0\xb4\x95\xe0\xb5\xbe:\nFrom @pinarayivijayan's Press Meet,\xe2\x80\xa6 https://t.co/KC0lfTIeCf"""
2020-08-02 12:33:48,"b'#AmitabhBachhan Tests #Negative For #Covid19, Discharged From #NanavatiHospital\n\n@SrBachchan @juniorbachchan #BigB\xe2\x80\xa6 https://t.co/RLUmPHWUOh'"
2020-08-02 12:33:32,"b""Don't know how people get infected even if they are taking every precautions #Covid19\n#Corona"""
2020-08-02 12:32:58,"b""RT @sanghaviharsh: It's not easy, trust me.\n\nHats off to all the #corona warriors. https://t.co/x5cz29jQuF"""
2020-08-02 12:32:53,b'@AmitShah #Corona Positive. https://t.co/NpiOul7wSH'
2020-08-02 12:32:24,b'RT @BlakePavey: Response to this video has been absolutely insane! Cannot thank everyone enough! 4.5 Million views on TikTok! #COVID19 #cov\xe2\x80\xa6'
2020-08-02 12:32:14,b'RT @upma23: This world should never ever forgive China what it has done #Corona'
2020-08-02 12:31:57,b'RT @Aneela_7: * First Amitabh Bachchan &amp; his family\n\n* Then Shivraj Chauhan\n\n* Now Amit Shah\n\nAll admitted for #Corona \xf0\x9f\x99\x84\xf0\x9f\xa4\xb7\xf0\x9f\x8f\xbb\xe2\x80\x8d\xe2\x99\x80\xef\xb8\x8f\n\nNow get read\xe2\x80\xa6'
2020-08-02 12:31:54,"b'RT @DrAMSinghvi: Best wishes to #HomeMinister #AmitShah for a quick recovery &amp;restful convalescence. As a #corona recoveree myself, he may\xe2\x80\xa6'"
2020-08-02 12:31:49,"b'RT @drusawasthi: Congratulations to #IFFCO #Aonla Unit @icjha_iffco &amp; entire team as even at this crisis time of #corona pendamic, the unit\xe2\x80\xa6'"
2020-08-02 12:31:48,b'@AmitShah has been tested #covidpositive admitted to medanta hospital. We all wishing for your speedy recovery. Get\xe2\x80\xa6 https://t.co/qmmZBUZiTy'
2020-08-02 12:31:36,b'#hownottowearyourmask lesson 101 am I the only one getting annoyed with people wearing their mask under their nose\xe2\x80\xa6 https://t.co/pmQWQOkwC3'
2020-08-02 12:31:30,"b'#CoronaInfoCH #COVID19 #corona #us \nCDC: Isolating until COVID-19 test results come back could slow its spread, NBC\xe2\x80\xa6 https://t.co/7j2YxMLSW1'"
2020-08-02 12:31:29,b'RT @saifan64984176: Respected government officials please postpone JEE &amp; NEET exam this is not the right time to conduct examination. Even\xe2\x80\xa6'
2020-08-02 12:31:18,"b""RT @sanghaviharsh: It's not easy, trust me.\n\nHats off to all the #corona warriors. https://t.co/x5cz29jQuF"""
2020-08-02 12:31:14,b'After Home minister @AmitShah Tamil Nadu governor #Banwarilal_Purohit tests #Corona positive \n#Covid_19\xe2\x80\xa6 https://t.co/GTjgV6eH7u'
2020-08-02 12:31:09,b'RT @AkshayaMurali2: #HRDPostponeJEE_NEET @HRDMinistry you feel like you should get the exams over with but look at the situation.\n\nDo you r\xe2\x80\xa6'
2020-08-02 12:31:03,b'Last updated: 2020-08-02 12:05:02+00:00GMT\n  Coronavirus [COVID-19]\n    Cases: 18052192\n    Deaths: 689501\n\n#corona\xe2\x80\xa6 https://t.co/jUdJgelcIr'
2020-08-02 12:31:01,"b'#CoronaInfoCH #COVID19 #corona #us \nA COVID patient goes home after a rare double-lung transplant, The Boston Globe\xe2\x80\xa6 https://t.co/DF86ZvAo04'"
2020-08-02 12:30:59,"b'#CoronaInfoCH #COVID19 #corona #us \nJoe Judge staying mindful of Giants\xe2\x80\x99 challenges beyond coronavirus, New York Po\xe2\x80\xa6 https://t.co/PaH20d6eid'"
2020-08-02 12:30:29,"b'#CoronaInfoCH #COVID19 #corona #us \nIslanders know pitfall they must avoid with tall playoff task ahead, New York P\xe2\x80\xa6 https://t.co/X4UD3y6jcl'"
2020-08-02 12:30:28,"b'#CoronaInfoCH #COVID19 #corona #us \nTrump administration aims to keep telehealth revolution here to stay, USA Today\xe2\x80\xa6 https://t.co/H5yGHqBXoZ'"
2020-08-02 12:30:27,"b""@vijayrupanibjp Thanks @narendramodi Ji to making #vikas that's #vikas hepan and my 30 year house and bussnes are s\xe2\x80\xa6 https://t.co/HstwpmSvRm"""
2020-08-02 12:30:25,"b'RT @CYounosi: @SAP , @deutschetelekom to Build Corona App Gateway for European Commission https://t.co/mTSiy4ZYY3\n\n#corona #coronawarnapp #\xe2\x80\xa6'"
2020-08-02 12:30:24,"b'RT @VoiceofJnK: Our #hero Ct Iqbal Ahmad (AB+) of District Police Baramulla, a #Corona #survivor, donated #plasma. All survivors should emu\xe2\x80\xa6'"
2020-08-02 12:30:12,"b'RT @Bloodpointorg: #Warangal #SOS  #COVID19India \nNeed B+ve #Blood #plasma from #covidrecovery  patient\nIllness #Corona\nAt Aditya Hospital,\xe2\x80\xa6'"
2020-08-02 12:30:10,b'RT @Bloodpointorg: #Hyderabad #SOS  #COVID19India \nNeed B+ve #Blood #plasma from #covidrecovery  patient\nNumber of Units 2\nIllness #Corona\xe2\x80\xa6'
2020-08-02 12:30:08,b'RT @Bloodpointorg: #Hyderabad #SOS #COVID19India \nNeed O+ ve #blood #plasma from #covidrecovery  patient\nIllness #Corona\nAt Yashoda Hospita\xe2\x80\xa6'
2020-08-02 12:30:07,"b""RT @sanghaviharsh: It's not easy, trust me.\n\nHats off to all the #corona warriors. https://t.co/x5cz29jQuF"""
2020-08-02 12:30:05,b'RT @jeasbe: #Delhi #CovidRecovered\nNeed #Blood Type : O+\nAt : LNJP\nBlood Component : #Plasma\nPrimary Number :9899964708\nIllness :#Corona\n@B\xe2\x80\xa6'
2020-08-02 12:30:03,"b""RT @sanghaviharsh: It's not easy, trust me.\n\nHats off to all the #corona warriors. https://t.co/x5cz29jQuF"""
2020-08-02 12:29:57,"b'#CoronaInfoCH #COVID19 #corona #us \nBahamas reverses course, reopens to Americans with 14-day quarantine, negative\xe2\x80\xa6 https://t.co/2lmUZ8bzGY'"
2020-08-02 12:29:43,b'RT @AkshayaMurali2: #HRDPostponeJEE_NEET @HRDMinistry you feel like you should get the exams over with but look at the situation.\n\nDo you r\xe2\x80\xa6'
2020-08-02 12:29:39,b'RT @AkshayaMurali2: #HRDPostponeJEE_NEET @HRDMinistry you feel like you should get the exams over with but look at the situation.\n\nDo you r\xe2\x80\xa6'
2020-08-02 12:29:31,"b""@ABPNews Thanks @narendramodi Ji to making #vikas that's #vikas hepan and my 30 year house and bussnes are sut Dawn\xe2\x80\xa6 https://t.co/70SONKvraW"""
2020-08-02 12:29:29,"b'Our #hero Ct Iqbal Ahmad (AB+) of District Police Baramulla, a #Corona #survivor, donated #plasma. All survivors sh\xe2\x80\xa6 https://t.co/8qa0IzpMu7'"
2020-08-02 12:29:24,b'RT @InnrEngineering: Sadhguru and Deepak Chopra discuss the ecological significance of COVID-19 and how viruses and bacteria have an immens\xe2\x80\xa6'
2020-08-02 12:29:24,"b""#CoronaInfoCH #COVID19 #corona #us \nIn CA: Coronavirus claims state's youngest victim, and $600 benefit expires, US\xe2\x80\xa6 https://t.co/lJbeeNw2J9"""
2020-08-02 12:29:22,b'RT @shefali_bagga: #amishah tested positive for #corona'
2020-08-02 12:29:21,b'#HRDPostponeJEE_NEET @HRDMinistry you feel like you should get the exams over with but look at the situation.\n\nDo y\xe2\x80\xa6 https://t.co/t9tLoPVkYF'
2020-08-02 12:29:19,b'RT @ashamishra: #AmitShah detected #Corona +ve https://t.co/YvrRmLJqVb'
2020-08-02 12:29:17,"b'RT @KashmirPolice: Our #hero Ct Iqbal Ahmad (AB+) of District Police Baramulla, a #Corona #survivor, donated #plasma. All survivors should\xe2\x80\xa6'"
2020-08-02 12:29:10,"b""RT @sanghaviharsh: It's not easy, trust me.\n\nHats off to all the #corona warriors. https://t.co/x5cz29jQuF"""
2020-08-02 12:29:06,"b""RT @sanghaviharsh: It's not easy, trust me.\n\nHats off to all the #corona warriors. https://t.co/x5cz29jQuF"""
2020-08-02 12:29:02,b'Get Well Soon #Corona https://t.co/uUZUMIlspn'
2020-08-02 12:29:02,"b'RT @KashmirPolice: Our #hero Ct Iqbal Ahmad (AB+) of District Police Baramulla, a #Corona #survivor, donated #plasma. All survivors should\xe2\x80\xa6'"
2020-08-02 12:28:58,b'Can #Corona be our Last Hope ???'
2020-08-02 12:28:56,b'RT @h47_e: The World is Fit to a Scripted Agenda - Pt.1 Coronavirus\n#TheGreatAwakening #GreatAwakening #wakeup #cabal #fallcabal #freemason\xe2\x80\xa6'
2020-08-02 12:28:55,b'RT @saifan64984176: Respected government officials please postpone JEE &amp; NEET exam this is not the right time to conduct examination. Even\xe2\x80\xa6'
2020-08-02 12:28:54,b'Union Home Minister Amit Shah Tested Positive \n#Corona'
2020-08-02 12:28:51,"b""RT @DostKhan_Jammu: HM @AmitShah tested #Corona positive, but very fine.\nOn Doctors' advice, he is hospitalised. \nWe wish him a speedy reco\xe2\x80\xa6"""
2020-08-02 12:28:51,"b'@ishafoundation #InnerEngineering  is the best gift that u can give to ur lived ones, that too during this #corona\xe2\x80\xa6 https://t.co/wtHitM8pGs'"
2020-08-02 12:28:43,b'Get Well Soon #Corona https://t.co/YMOD5n4I94'
2020-08-02 12:28:40,b'RT @hallagullaboy: UP will be the most effected state by #Corona very soon\n\nSituation is grim and the Govt\xe2\x80\x99s total focus is #RamMandir not\xe2\x80\xa6'
2020-08-02 12:28:26,b'RT @BlakePavey: Response to this video has been absolutely insane! Cannot thank everyone enough! 4.5 Million views on TikTok! #COVID19 #cov\xe2\x80\xa6'
2020-08-02 12:28:25,"b""RT @sanghaviharsh: It's not easy, trust me.\n\nHats off to all the #corona warriors. https://t.co/x5cz29jQuF"""
2020-08-02 12:28:21,"b'#CoronaInfoCH #COVID19 #corona #us \nNFL star opts out of season after treating COVID-19 patients, CBS News\xe2\x80\xa6 https://t.co/Y2R6q7Oti1'"
2020-08-02 12:28:17,"b""@iToffie 5 August 2019: Amit Shah Scraps #Article370\n\nKashmiris: Amit Shah'as #Corona gasun\n\n2 August 2020: Amit Sh\xe2\x80\xa6 https://t.co/maBuQRNB4A"""
2020-08-02 12:28:11,b'RT @rameshlaus: #BREAKING: TN Governor #BanwariLalPurhoit is tested #Corona positive.. \n\nWishing him a speedy recovery https://t.co/HUSex9F\xe2\x80\xa6'
